,sys/creation_time,sys/description,sys/hostname,sys/id,sys/modification_time,sys/name,sys/owner,sys/ping_time,sys/running_time,sys/size,sys/state,sys/tags,metrics/batch/accuracy,metrics/batch/loss,metrics/epoch/accuracy,metrics/epoch/loss,metrics/epoch/val_accuracy,metrics/epoch/val_loss,metrics/eval_accuracy,metrics/eval_loss,model/params/batch-size,model/params/dataset,model/params/epochs,model/params/loss-args,model/params/loss-kwargs,model/params/model,model/params/noise,model/params/noise-args,model/params/robust-method,model_summary,parameters/hyperparameters/dropout,parameters/hyperparameters/hidden_size_0,parameters/hyperparameters/hidden_size_1,parameters/hyperparameters/hidden_size_2,parameters/hyperparameters/num_layers,parameters/num-classes,parameters/num-features,source_code/entrypoint,source_code/git,monitoring/cpu,monitoring/memory,monitoring/stdout
0,2021-04-06 04:07:22.838000+00:00,,meriadoc,LAB-491,2021-04-06 04:08:01.876000+00:00,synthetic-50-2-100K-uniform-[0.25],ygorcanalli,2021-04-06 04:07:54.369000+00:00,31.53,966121.0,idle,fix-hyperparameters,0.7368906140327454,0.5702784061431885,0.7368906140327454,0.5702784061431885,0.7128124833106995,0.5929964184761047,0.9085000157356262,0.38382092118263245,32.0,synthetic-50-2-100K,20.0,"[array([[0.75, 0.25],
       [0.25, 0.75]])]",None,simple-mlp,uniform,0.25,forward,_________________________________________________________________,0.005073702428942628,82.0,84.0,13.0,3.0,2.0,50.0,main.py,bfe1b5d7ea9186374971062d77ddd3a65ac0a65d,24.7,7.013797760009766,"https://ui.neptune.ai/ygorcanalli/LabelNoise/e/LAB-491
"
1,2021-04-06 06:33:55.758000+00:00,,meriadoc,LAB-545,2021-04-06 06:37:48.530000+00:00,synthetic-100-5-500K-uniform-[0.1],ygorcanalli,2021-04-06 06:37:42.173000+00:00,226.403,4806894.0,idle,fix-hyperparameters,0.8402401208877563,0.5522398948669434,0.8402401208877563,0.5522398948669434,0.8442875146865845,0.5416370630264282,0.9356799721717834,0.25539708137512207,32.0,synthetic-100-5-500K,20.0,None,None,simple-mlp,uniform,0.1,boot-hard,_________________________________________________________________,0.004248038674119314,26.0,80.0,,2.0,5.0,100.0,main.py,bfe1b5d7ea9186374971062d77ddd3a65ac0a65d,18.1,10.360546112060547,"https://ui.neptune.ai/ygorcanalli/LabelNoise/e/LAB-545
"
2,2021-04-06 04:30:48.623000+00:00,,meriadoc,LAB-503,2021-04-06 04:32:12.822000+00:00,synthetic-80-5-200K-uniform-[0.05],ygorcanalli,2021-04-06 04:32:11.444000+00:00,82.816,1926361.0,idle,fix-hyperparameters,0.7393046617507935,0.7622146010398865,0.7393046617507935,0.7622146010398865,0.842843770980835,0.5606116652488708,0.8848249912261963,0.3915168344974518,32.0,synthetic-80-5-200K,20.0,None,None,simple-mlp,uniform,0.05,none,_________________________________________________________________,0.17542437598233224,58.0,47.0,94.0,3.0,5.0,80.0,main.py,bfe1b5d7ea9186374971062d77ddd3a65ac0a65d,21.7,8.084907531738281,"https://ui.neptune.ai/ygorcanalli/LabelNoise/e/LAB-503
"
3,2021-04-06 04:08:05.024000+00:00,,meriadoc,LAB-492,2021-04-06 04:08:42.341000+00:00,synthetic-50-2-100K-uniform-[0.25],ygorcanalli,2021-04-06 04:08:36.527000+00:00,31.502,966121.0,idle,fix-hyperparameters,0.7164687514305115,-0.3723714351654053,0.7164687514305115,-0.3723714351654053,0.6898750066757202,0.38437536358833313,0.8665000200271606,-3.156045913696289,32.0,synthetic-50-2-100K,20.0,"[array([[0.75, 0.25],
       [0.25, 0.75]])]",None,simple-mlp,uniform,0.25,backward,_________________________________________________________________,0.005073702428942628,82.0,84.0,13.0,3.0,2.0,50.0,main.py,bfe1b5d7ea9186374971062d77ddd3a65ac0a65d,23.5,6.9752044677734375,"https://ui.neptune.ai/ygorcanalli/LabelNoise/e/LAB-492
"
4,2021-04-06 04:44:14.433000+00:00,,meriadoc,LAB-512,2021-04-06 04:45:39.780000+00:00,synthetic-80-5-200K-uniform-[0.1],ygorcanalli,2021-04-06 04:45:37.092000+00:00,82.655,1926361.0,idle,fix-hyperparameters,0.6962890625,0.6144846081733704,0.6962890625,0.6144846081733704,0.7927500009536743,0.3825641870498657,0.8754500150680542,-0.12705187499523163,32.0,synthetic-80-5-200K,20.0,"[array([[0.9  , 0.025, 0.025, 0.025, 0.025],
       [0.025, 0.9  , 0.025, 0.025, 0.025],
       [0.025, 0.025, 0.9  , 0.025, 0.025],
       [0.025, 0.025, 0.025, 0.9  , 0.025],
       [0.025, 0.025, 0.025, 0.025, 0.9  ]])]",None,simple-mlp,uniform,0.1,backward,_________________________________________________________________,0.17542437598233224,58.0,47.0,94.0,3.0,5.0,80.0,main.py,bfe1b5d7ea9186374971062d77ddd3a65ac0a65d,22.1,8.193206787109375,"https://ui.neptune.ai/ygorcanalli/LabelNoise/e/LAB-512
"
5,2021-04-06 03:53:58.174000+00:00,,meriadoc,LAB-472,2021-04-06 03:54:33.968000+00:00,synthetic-50-2-100K-uniform-[0.05],ygorcanalli,2021-04-06 03:54:29.693000+00:00,31.517,966121.0,idle,fix-hyperparameters,0.9046406149864197,0.04852764308452606,0.9046406149864197,0.04852764308452606,0.8963124752044678,0.18053749203681946,0.9362000226974487,-0.20149323344230652,32.0,synthetic-50-2-100K,20.0,"[array([[0.95, 0.05],
       [0.05, 0.95]])]",None,simple-mlp,uniform,0.05,backward,_________________________________________________________________,0.005073702428942628,82.0,84.0,13.0,3.0,2.0,50.0,main.py,bfe1b5d7ea9186374971062d77ddd3a65ac0a65d,24.4,6.686069488525391,"https://ui.neptune.ai/ygorcanalli/LabelNoise/e/LAB-472
"
6,2021-04-06 03:52:34.234000+00:00,,meriadoc,LAB-470,2021-04-06 03:53:13.408000+00:00,synthetic-50-2-100K-uniform-[0.05],ygorcanalli,2021-04-06 03:53:05.656000+00:00,31.42,966121.0,idle,fix-hyperparameters,0.9160312414169312,0.2223585546016693,0.9160312414169312,0.2223585546016693,0.90625,0.25328579545021057,0.9482499957084656,0.1467074304819107,32.0,synthetic-50-2-100K,20.0,None,None,simple-mlp,uniform,0.05,boot-hard,_________________________________________________________________,0.005073702428942628,82.0,84.0,13.0,3.0,2.0,50.0,main.py,bfe1b5d7ea9186374971062d77ddd3a65ac0a65d,24.4,6.66326904296875,"https://ui.neptune.ai/ygorcanalli/LabelNoise/e/LAB-470
"
7,2021-04-06 05:09:57.883000+00:00,,meriadoc,LAB-529,2021-04-06 05:11:21.988000+00:00,synthetic-80-5-200K-uniform-[0.3],ygorcanalli,2021-04-06 05:11:20.675000+00:00,82.789,1926361.0,idle,fix-hyperparameters,0.5501562356948853,1.2563594579696655,0.5501562356948853,1.2563594579696655,0.6096875071525574,1.1887706518173218,0.8521249890327454,0.6966046094894409,32.0,synthetic-80-5-200K,20.0,None,None,simple-mlp,uniform,0.3,boot-soft,_________________________________________________________________,0.17542437598233224,58.0,47.0,94.0,3.0,5.0,80.0,main.py,bfe1b5d7ea9186374971062d77ddd3a65ac0a65d,21.3,8.42233657836914,"https://ui.neptune.ai/ygorcanalli/LabelNoise/e/LAB-529
"
8,2021-04-06 04:00:17.972000+00:00,,meriadoc,LAB-481,2021-04-06 04:01:00.687000+00:00,synthetic-50-2-100K-uniform-[0.15],ygorcanalli,2021-04-06 04:00:59.738000+00:00,41.764,966169.0,idle,fix-hyperparameters,0.8272968530654907,0.4478134214878082,0.8272968530654907,0.4478134214878082,0.807687520980835,0.4737287163734436,0.9319999814033508,0.2652318477630615,32.0,synthetic-50-2-100K,20.0,"[array([[0.85, 0.15],
       [0.15, 0.85]])]",None,simple-mlp,uniform,0.15,forward,_________________________________________________________________,0.005073702428942628,82.0,84.0,13.0,3.0,2.0,50.0,main.py,bfe1b5d7ea9186374971062d77ddd3a65ac0a65d,21.0,6.805164337158203,"https://ui.neptune.ai/ygorcanalli/LabelNoise/e/LAB-481
"
9,2021-04-06 04:57:47.560000+00:00,,meriadoc,LAB-521,2021-04-06 04:59:14.233000+00:00,synthetic-80-5-200K-uniform-[0.2],ygorcanalli,2021-04-06 04:59:10.246000+00:00,82.682,1926361.0,idle,fix-hyperparameters,0.6274921894073486,1.0824453830718994,0.6274921894073486,1.0824453830718994,0.7070000171661377,0.9545527696609497,0.8781999945640564,0.5347785353660583,32.0,synthetic-80-5-200K,20.0,"[array([[0.8 , 0.05, 0.05, 0.05, 0.05],
       [0.05, 0.8 , 0.05, 0.05, 0.05],
       [0.05, 0.05, 0.8 , 0.05, 0.05],
       [0.05, 0.05, 0.05, 0.8 , 0.05],
       [0.05, 0.05, 0.05, 0.05, 0.8 ]])]",None,simple-mlp,uniform,0.2,forward,_________________________________________________________________,0.17542437598233224,58.0,47.0,94.0,3.0,5.0,80.0,main.py,bfe1b5d7ea9186374971062d77ddd3a65ac0a65d,21.0,8.303337097167969,"https://ui.neptune.ai/ygorcanalli/LabelNoise/e/LAB-521
"
10,2021-04-06 03:55:23.298000+00:00,,meriadoc,LAB-474,2021-04-06 03:56:00.380000+00:00,synthetic-50-2-100K-uniform-[0.1],ygorcanalli,2021-04-06 03:55:54.715000+00:00,31.415,966121.0,idle,fix-hyperparameters,0.8673437237739563,0.3645316958427429,0.8673437237739563,0.3645316958427429,0.854687511920929,0.4039013683795929,0.9415500164031982,0.22418063879013062,32.0,synthetic-50-2-100K,20.0,None,None,simple-mlp,uniform,0.1,boot-soft,_________________________________________________________________,0.005073702428942628,82.0,84.0,13.0,3.0,2.0,50.0,main.py,bfe1b5d7ea9186374971062d77ddd3a65ac0a65d,23.3,6.709712982177734,"https://ui.neptune.ai/ygorcanalli/LabelNoise/e/LAB-474
"
11,2021-04-06 06:18:07.707000+00:00,,meriadoc,LAB-541,2021-04-06 06:22:00.666000+00:00,synthetic-100-5-500K-uniform-[0.05],ygorcanalli,2021-04-06 06:21:54.101000+00:00,226.38,4806894.0,idle,fix-hyperparameters,0.8937371969223022,0.41454192996025085,0.8937371969223022,0.41454192996025085,0.9009749889373779,0.3943025469779968,0.9468399882316589,0.19939960539340973,32.0,synthetic-100-5-500K,20.0,"[array([[0.95  , 0.0125, 0.0125, 0.0125, 0.0125],
       [0.0125, 0.95  , 0.0125, 0.0125, 0.0125],
       [0.0125, 0.0125, 0.95  , 0.0125, 0.0125],
       [0.0125, 0.0125, 0.0125, 0.95  , 0.0125],
       [0.0125, 0.0125, 0.0125, 0.0125, 0.95  ]])]",None,simple-mlp,uniform,0.05,forward,_________________________________________________________________,0.004248038674119314,26.0,80.0,,2.0,5.0,100.0,main.py,bfe1b5d7ea9186374971062d77ddd3a65ac0a65d,18.2,10.283988952636719,"https://ui.neptune.ai/ygorcanalli/LabelNoise/e/LAB-541
"
12,2021-04-06 07:56:28.022000+00:00,,meriadoc,LAB-566,2021-04-06 08:00:14.879000+00:00,synthetic-100-5-500K-uniform-[0.3],ygorcanalli,2021-04-06 08:00:14.408000+00:00,226.377,4806846.0,idle,fix-hyperparameters,0.6561458110809326,1.0961233377456665,0.6561458110809326,1.0961233377456665,0.658762514591217,1.0909559726715088,0.9330700039863586,0.48742854595184326,32.0,synthetic-100-5-500K,20.0,"[array([[0.7  , 0.075, 0.075, 0.075, 0.075],
       [0.075, 0.7  , 0.075, 0.075, 0.075],
       [0.075, 0.075, 0.7  , 0.075, 0.075],
       [0.075, 0.075, 0.075, 0.7  , 0.075],
       [0.075, 0.075, 0.075, 0.075, 0.7  ]])]",None,simple-mlp,uniform,0.3,forward,_________________________________________________________________,0.004248038674119314,26.0,80.0,,2.0,5.0,100.0,main.py,bfe1b5d7ea9186374971062d77ddd3a65ac0a65d,19.8,10.856208801269531,"https://ui.neptune.ai/ygorcanalli/LabelNoise/e/LAB-566
"
13,2021-04-06 06:46:03.127000+00:00,,meriadoc,LAB-548,2021-04-06 06:49:47.242000+00:00,synthetic-100-5-500K-uniform-[0.15],ygorcanalli,2021-04-06 06:49:39.440000+00:00,216.303,4806846.0,idle,fix-hyperparameters,0.788955569267273,0.7993908524513245,0.788955569267273,0.7993908524513245,0.7970749735832214,0.7901942133903503,0.9317899942398071,0.36873629689216614,32.0,synthetic-100-5-500K,20.0,None,None,simple-mlp,uniform,0.15,none,_________________________________________________________________,0.004248038674119314,26.0,80.0,,2.0,5.0,100.0,main.py,bfe1b5d7ea9186374971062d77ddd3a65ac0a65d,18.4,10.341632843017578,"https://ui.neptune.ai/ygorcanalli/LabelNoise/e/LAB-548
"
14,2021-04-06 07:05:40.929000+00:00,,meriadoc,LAB-553,2021-04-06 07:09:19.496000+00:00,synthetic-100-5-500K-uniform-[0.2],ygorcanalli,2021-04-06 07:09:17.226000+00:00,216.285,4806798.0,idle,fix-hyperparameters,0.7393179535865784,0.9255956411361694,0.7393179535865784,0.9255956411361694,0.7390124797821045,0.9294167757034302,0.92044997215271,0.4499908983707428,32.0,synthetic-100-5-500K,20.0,None,None,simple-mlp,uniform,0.2,none,_________________________________________________________________,0.004248038674119314,26.0,80.0,,2.0,5.0,100.0,main.py,bfe1b5d7ea9186374971062d77ddd3a65ac0a65d,19.5,10.755500793457031,"https://ui.neptune.ai/ygorcanalli/LabelNoise/e/LAB-553
"
15,2021-04-06 06:37:52.409000+00:00,,meriadoc,LAB-546,2021-04-06 06:41:44.575000+00:00,synthetic-100-5-500K-uniform-[0.1],ygorcanalli,2021-04-06 06:41:38.759000+00:00,226.339,4806894.0,idle,fix-hyperparameters,0.8456994891166687,0.5873945951461792,0.8456994891166687,0.5873945951461792,0.8508625030517578,0.5761645436286926,0.9426599740982056,0.25222858786582947,32.0,synthetic-100-5-500K,20.0,"[array([[0.9  , 0.025, 0.025, 0.025, 0.025],
       [0.025, 0.9  , 0.025, 0.025, 0.025],
       [0.025, 0.025, 0.9  , 0.025, 0.025],
       [0.025, 0.025, 0.025, 0.9  , 0.025],
       [0.025, 0.025, 0.025, 0.025, 0.9  ]])]",None,simple-mlp,uniform,0.1,forward,_________________________________________________________________,0.004248038674119314,26.0,80.0,,2.0,5.0,100.0,main.py,bfe1b5d7ea9186374971062d77ddd3a65ac0a65d,17.8,10.350265502929688,"https://ui.neptune.ai/ygorcanalli/LabelNoise/e/LAB-546
"
16,2021-04-06 04:03:12.663000+00:00,,meriadoc,LAB-485,2021-04-06 04:03:51.057000+00:00,synthetic-50-2-100K-uniform-[0.2],ygorcanalli,2021-04-06 04:03:44.248000+00:00,31.584,966121.0,idle,fix-hyperparameters,0.7786718606948853,0.4512091875076294,0.7786718606948853,0.4512091875076294,0.7570000290870667,0.4996112585067749,0.9193999767303467,0.27244219183921814,32.0,synthetic-50-2-100K,20.0,None,None,simple-mlp,uniform,0.2,boot-hard,_________________________________________________________________,0.005073702428942628,82.0,84.0,13.0,3.0,2.0,50.0,main.py,bfe1b5d7ea9186374971062d77ddd3a65ac0a65d,23.9,6.926765441894531,"https://ui.neptune.ai/ygorcanalli/LabelNoise/e/LAB-485
"
17,2021-04-06 06:49:50.819000+00:00,,meriadoc,LAB-549,2021-04-06 06:53:36.309000+00:00,synthetic-100-5-500K-uniform-[0.15],ygorcanalli,2021-04-06 06:53:26.968000+00:00,216.139,4806846.0,idle,fix-hyperparameters,0.7902368307113647,0.7974210977554321,0.7902368307113647,0.7974210977554321,0.7972000241279602,0.7861691117286682,0.933459997177124,0.3574192225933075,32.0,synthetic-100-5-500K,20.0,None,None,simple-mlp,uniform,0.15,boot-soft,_________________________________________________________________,0.004248038674119314,26.0,80.0,,2.0,5.0,100.0,main.py,bfe1b5d7ea9186374971062d77ddd3a65ac0a65d,19.0,10.495780944824219,"https://ui.neptune.ai/ygorcanalli/LabelNoise/e/LAB-549
"
18,2021-04-06 06:26:21.518000+00:00,,meriadoc,LAB-543,2021-04-06 06:30:01.925000+00:00,synthetic-100-5-500K-uniform-[0.1],ygorcanalli,2021-04-06 06:29:57.761000+00:00,216.233,4806798.0,idle,fix-hyperparameters,0.8456151485443115,0.6311240792274475,0.8456151485443115,0.6311240792274475,0.8517749905586243,0.6205992698669434,0.9427899718284607,0.2868638038635254,32.0,synthetic-100-5-500K,20.0,None,None,simple-mlp,uniform,0.1,none,_________________________________________________________________,0.004248038674119314,26.0,80.0,,2.0,5.0,100.0,main.py,bfe1b5d7ea9186374971062d77ddd3a65ac0a65d,20.3,10.367748260498047,"https://ui.neptune.ai/ygorcanalli/LabelNoise/e/LAB-543
"
19,2021-04-06 07:25:26.615000+00:00,,meriadoc,LAB-558,2021-04-06 07:29:07.893000+00:00,synthetic-100-5-500K-uniform-[0.25],ygorcanalli,2021-04-06 07:29:02.882000+00:00,216.256,4806846.0,idle,fix-hyperparameters,0.6887052655220032,1.0478321313858032,0.6887052655220032,1.0478321313858032,0.6911374926567078,1.0442442893981934,0.9148399829864502,0.520865261554718,32.0,synthetic-100-5-500K,20.0,None,None,simple-mlp,uniform,0.25,none,_________________________________________________________________,0.004248038674119314,26.0,80.0,,2.0,5.0,100.0,main.py,bfe1b5d7ea9186374971062d77ddd3a65ac0a65d,18.2,10.841106414794922,"https://ui.neptune.ai/ygorcanalli/LabelNoise/e/LAB-558
"
20,2021-04-06 04:05:21.217000+00:00,,meriadoc,LAB-488,2021-04-06 04:05:58.876000+00:00,synthetic-50-2-100K-uniform-[0.25],ygorcanalli,2021-04-06 04:05:52.610000+00:00,31.392,966121.0,idle,fix-hyperparameters,0.7288437485694885,0.5592299103736877,0.7288437485694885,0.5592299103736877,0.7022500038146973,0.6212610006332397,0.8901500105857849,0.3780639171600342,32.0,synthetic-50-2-100K,20.0,None,None,simple-mlp,uniform,0.25,none,_________________________________________________________________,0.005073702428942628,82.0,84.0,13.0,3.0,2.0,50.0,main.py,bfe1b5d7ea9186374971062d77ddd3a65ac0a65d,24.3,6.943683624267578,"https://ui.neptune.ai/ygorcanalli/LabelNoise/e/LAB-488
"
21,2021-04-06 04:36:43.564000+00:00,,meriadoc,LAB-507,2021-04-06 04:38:07.475000+00:00,synthetic-80-5-200K-uniform-[0.05],ygorcanalli,2021-04-06 04:38:06.213000+00:00,82.644,1926361.0,idle,fix-hyperparameters,0.7370703220367432,0.6046809554100037,0.7370703220367432,0.6046809554100037,0.8392187356948853,0.3715134561061859,0.8826000094413757,0.11720273643732071,32.0,synthetic-80-5-200K,20.0,"[array([[0.95  , 0.0125, 0.0125, 0.0125, 0.0125],
       [0.0125, 0.95  , 0.0125, 0.0125, 0.0125],
       [0.0125, 0.0125, 0.95  , 0.0125, 0.0125],
       [0.0125, 0.0125, 0.0125, 0.95  , 0.0125],
       [0.0125, 0.0125, 0.0125, 0.0125, 0.95  ]])]",None,simple-mlp,uniform,0.05,backward,_________________________________________________________________,0.17542437598233224,58.0,47.0,94.0,3.0,5.0,80.0,main.py,bfe1b5d7ea9186374971062d77ddd3a65ac0a65d,22.2,8.14535903930664,"https://ui.neptune.ai/ygorcanalli/LabelNoise/e/LAB-507
"
22,2021-04-06 07:36:56.133000+00:00,,meriadoc,LAB-561,2021-04-06 07:40:43.846000+00:00,synthetic-100-5-500K-uniform-[0.25],ygorcanalli,2021-04-06 07:40:42.545000+00:00,226.401,4806846.0,idle,fix-hyperparameters,0.7002584338188171,0.9950014352798462,0.7002584338188171,0.9950014352798462,0.7033874988555908,0.9904929399490356,0.9305700063705444,0.4309484660625458,32.0,synthetic-100-5-500K,20.0,"[array([[0.75  , 0.0625, 0.0625, 0.0625, 0.0625],
       [0.0625, 0.75  , 0.0625, 0.0625, 0.0625],
       [0.0625, 0.0625, 0.75  , 0.0625, 0.0625],
       [0.0625, 0.0625, 0.0625, 0.75  , 0.0625],
       [0.0625, 0.0625, 0.0625, 0.0625, 0.75  ]])]",None,simple-mlp,uniform,0.25,forward,_________________________________________________________________,0.004248038674119314,26.0,80.0,,2.0,5.0,100.0,main.py,bfe1b5d7ea9186374971062d77ddd3a65ac0a65d,18.8,10.895965576171875,"https://ui.neptune.ai/ygorcanalli/LabelNoise/e/LAB-561
"
23,2021-04-06 07:45:01.280000+00:00,,meriadoc,LAB-563,2021-04-06 07:48:37.384000+00:00,synthetic-100-5-500K-uniform-[0.3],ygorcanalli,2021-04-06 07:48:27.192000+00:00,205.9,4806798.0,idle,fix-hyperparameters,0.6401082277297974,1.1464990377426147,0.6401082277297974,1.1464990377426147,0.6424000263214111,1.1450355052947998,0.9043800234794617,0.5834494829177856,32.0,synthetic-100-5-500K,20.0,None,None,simple-mlp,uniform,0.3,none,_________________________________________________________________,0.004248038674119314,26.0,80.0,,2.0,5.0,100.0,main.py,bfe1b5d7ea9186374971062d77ddd3a65ac0a65d,20.5,10.905036926269531,"https://ui.neptune.ai/ygorcanalli/LabelNoise/e/LAB-563
"
24,2021-04-06 04:10:13.794000+00:00,,meriadoc,LAB-495,2021-04-06 04:10:51.889000+00:00,synthetic-50-2-100K-uniform-[0.3],ygorcanalli,2021-04-06 04:10:45.304000+00:00,31.508,966121.0,idle,fix-hyperparameters,0.6931562423706055,0.5445579290390015,0.6931562423706055,0.5445579290390015,0.648812472820282,0.608905017375946,0.8702499866485596,0.40507346391677856,32.0,synthetic-50-2-100K,20.0,None,None,simple-mlp,uniform,0.3,boot-hard,_________________________________________________________________,0.005073702428942628,82.0,84.0,13.0,3.0,2.0,50.0,main.py,bfe1b5d7ea9186374971062d77ddd3a65ac0a65d,23.8,7.0091400146484375,"https://ui.neptune.ai/ygorcanalli/LabelNoise/e/LAB-495
"
25,2021-04-06 05:11:25.491000+00:00,,meriadoc,LAB-530,2021-04-06 05:12:52.872000+00:00,synthetic-80-5-200K-uniform-[0.3],ygorcanalli,2021-04-06 05:12:48.171000+00:00,82.677,1926361.0,idle,fix-hyperparameters,0.5497812628746033,1.1187920570373535,0.5497812628746033,1.1187920570373535,0.6123124957084656,1.0365263223648071,0.8557500243186951,0.5647468566894531,32.0,synthetic-80-5-200K,20.0,None,None,simple-mlp,uniform,0.3,boot-hard,_________________________________________________________________,0.17542437598233224,58.0,47.0,94.0,3.0,5.0,80.0,main.py,bfe1b5d7ea9186374971062d77ddd3a65ac0a65d,21.3,8.487361907958984,"https://ui.neptune.ai/ygorcanalli/LabelNoise/e/LAB-530
"
26,2021-04-06 03:47:41.163000+00:00,,meriadoc,LAB-463,2021-04-06 03:48:19.022000+00:00,synthetic-50-2-100K-uniform-[0],ygorcanalli,2021-04-06 03:48:12.631000+00:00,31.466,966121.0,idle,fix-hyperparameters,0.9686718583106995,0.09460072964429855,0.9686718583106995,0.09460072964429855,0.9593750238418579,0.11614575237035751,0.9569000005722046,0.13092422485351562,32.0,synthetic-50-2-100K,20.0,None,None,simple-mlp,uniform,0.0,none,_________________________________________________________________,0.005073702428942628,82.0,84.0,13.0,3.0,2.0,50.0,main.py,bfe1b5d7ea9186374971062d77ddd3a65ac0a65d,23.9,6.5556640625,"https://ui.neptune.ai/ygorcanalli/LabelNoise/e/LAB-463
"
27,2021-04-06 03:58:52.930000+00:00,,meriadoc,LAB-479,2021-04-06 03:59:31.396000+00:00,synthetic-50-2-100K-uniform-[0.15],ygorcanalli,2021-04-06 03:59:24.454000+00:00,31.522,966121.0,idle,fix-hyperparameters,0.8174218535423279,0.44939520955085754,0.8174218535423279,0.44939520955085754,0.8031874895095825,0.48685088753700256,0.9286500215530396,0.2889936864376068,32.0,synthetic-50-2-100K,20.0,None,None,simple-mlp,uniform,0.15,boot-soft,_________________________________________________________________,0.005073702428942628,82.0,84.0,13.0,3.0,2.0,50.0,main.py,bfe1b5d7ea9186374971062d77ddd3a65ac0a65d,24.3,6.771297454833984,"https://ui.neptune.ai/ygorcanalli/LabelNoise/e/LAB-479
"
28,2021-04-06 04:56:16.805000+00:00,,meriadoc,LAB-520,2021-04-06 04:57:44.422000+00:00,synthetic-80-5-200K-uniform-[0.2],ygorcanalli,2021-04-06 04:57:39.598000+00:00,82.79,1926361.0,idle,fix-hyperparameters,0.6235859394073486,0.973831057548523,0.6235859394073486,0.973831057548523,0.7002187371253967,0.859096109867096,0.8653249740600586,0.4820399880409241,32.0,synthetic-80-5-200K,20.0,None,None,simple-mlp,uniform,0.2,boot-hard,_________________________________________________________________,0.17542437598233224,58.0,47.0,94.0,3.0,5.0,80.0,main.py,bfe1b5d7ea9186374971062d77ddd3a65ac0a65d,21.2,8.200218200683594,"https://ui.neptune.ai/ygorcanalli/LabelNoise/e/LAB-520
"
29,2021-04-06 04:27:43.200000+00:00,,meriadoc,LAB-501,2021-04-06 04:29:08.771000+00:00,synthetic-80-5-200K-uniform-[0],ygorcanalli,2021-04-06 04:29:05.923000+00:00,82.718,1926361.0,idle,fix-hyperparameters,0.7803593873977661,0.5944679379463196,0.7803593873977661,0.5944679379463196,0.8917187452316284,0.34958142042160034,0.8874250054359436,0.34911859035491943,32.0,synthetic-80-5-200K,20.0,"[array([[1., 0., 0., 0., 0.],
       [0., 1., 0., 0., 0.],
       [0., 0., 1., 0., 0.],
       [0., 0., 0., 1., 0.],
       [0., 0., 0., 0., 1.]])]",None,simple-mlp,uniform,0.0,forward,_________________________________________________________________,0.17542437598233224,58.0,47.0,94.0,3.0,5.0,80.0,main.py,bfe1b5d7ea9186374971062d77ddd3a65ac0a65d,21.0,7.980747222900391,"https://ui.neptune.ai/ygorcanalli/LabelNoise/e/LAB-501
"
30,2021-04-06 04:26:14.392000+00:00,,meriadoc,LAB-500,2021-04-06 04:27:40.103000+00:00,synthetic-80-5-200K-uniform-[0],ygorcanalli,2021-04-06 04:27:37.177000+00:00,82.781,1926361.0,idle,fix-hyperparameters,0.7807656526565552,0.5289134383201599,0.7807656526565552,0.5289134383201599,0.8893125057220459,0.30549874901771545,0.8888999819755554,0.30522969365119934,32.0,synthetic-80-5-200K,20.0,None,None,simple-mlp,uniform,0.0,boot-hard,_________________________________________________________________,0.17542437598233224,58.0,47.0,94.0,3.0,5.0,80.0,main.py,bfe1b5d7ea9186374971062d77ddd3a65ac0a65d,21.8,7.940738677978516,"https://ui.neptune.ai/ygorcanalli/LabelNoise/e/LAB-500
"
31,2021-04-06 04:03:54.855000+00:00,,meriadoc,LAB-486,2021-04-06 04:04:32.940000+00:00,synthetic-50-2-100K-uniform-[0.2],ygorcanalli,2021-04-06 04:04:26.285000+00:00,31.429,966121.0,idle,fix-hyperparameters,0.7831405997276306,0.513042151927948,0.7831405997276306,0.513042151927948,0.7559375166893005,0.5438619256019592,0.9190000295639038,0.32552680373191833,32.0,synthetic-50-2-100K,20.0,"[array([[0.8, 0.2],
       [0.2, 0.8]])]",None,simple-mlp,uniform,0.2,forward,_________________________________________________________________,0.005073702428942628,82.0,84.0,13.0,3.0,2.0,50.0,main.py,bfe1b5d7ea9186374971062d77ddd3a65ac0a65d,24.7,6.94305419921875,"https://ui.neptune.ai/ygorcanalli/LabelNoise/e/LAB-486
"
32,2021-04-06 04:42:45.178000+00:00,,meriadoc,LAB-511,2021-04-06 04:44:11.441000+00:00,synthetic-80-5-200K-uniform-[0.1],ygorcanalli,2021-04-06 04:44:07.869000+00:00,82.687,1926361.0,idle,fix-hyperparameters,0.7036718726158142,0.8726406693458557,0.7036718726158142,0.8726406693458557,0.7995312213897705,0.6951045393943787,0.8812249898910522,0.43552348017692566,32.0,synthetic-80-5-200K,20.0,"[array([[0.9  , 0.025, 0.025, 0.025, 0.025],
       [0.025, 0.9  , 0.025, 0.025, 0.025],
       [0.025, 0.025, 0.9  , 0.025, 0.025],
       [0.025, 0.025, 0.025, 0.9  , 0.025],
       [0.025, 0.025, 0.025, 0.025, 0.9  ]])]",None,simple-mlp,uniform,0.1,forward,_________________________________________________________________,0.17542437598233224,58.0,47.0,94.0,3.0,5.0,80.0,main.py,bfe1b5d7ea9186374971062d77ddd3a65ac0a65d,22.3,8.18404769897461,"https://ui.neptune.ai/ygorcanalli/LabelNoise/e/LAB-511
"
33,2021-04-06 04:45:54.352000+00:00,,meriadoc,LAB-513,2021-04-06 04:47:16.643000+00:00,synthetic-80-5-200K-uniform-[0.15],ygorcanalli,2021-04-06 04:47:06.747000+00:00,72.391,1926361.0,idle,fix-hyperparameters,0.6602030992507935,1.0064445734024048,0.6602030992507935,1.0064445734024048,0.7494375109672546,0.8578705787658691,0.8736749887466431,0.5017882585525513,32.0,synthetic-80-5-200K,20.0,None,None,simple-mlp,uniform,0.15,none,_________________________________________________________________,0.17542437598233224,58.0,47.0,94.0,3.0,5.0,80.0,main.py,bfe1b5d7ea9186374971062d77ddd3a65ac0a65d,21.5,8.247570037841797,"https://ui.neptune.ai/ygorcanalli/LabelNoise/e/LAB-513
"
34,2021-04-06 03:54:42.084000+00:00,,meriadoc,LAB-473,2021-04-06 03:55:20.272000+00:00,synthetic-50-2-100K-uniform-[0.1],ygorcanalli,2021-04-06 03:55:13.559000+00:00,31.473,966121.0,idle,fix-hyperparameters,0.8665624856948853,0.36490222811698914,0.8665624856948853,0.36490222811698914,0.8600624799728394,0.40250420570373535,0.9429500102996826,0.2035389095544815,32.0,synthetic-50-2-100K,20.0,None,None,simple-mlp,uniform,0.1,none,_________________________________________________________________,0.005073702428942628,82.0,84.0,13.0,3.0,2.0,50.0,main.py,bfe1b5d7ea9186374971062d77ddd3a65ac0a65d,23.5,6.705516815185547,"https://ui.neptune.ai/ygorcanalli/LabelNoise/e/LAB-473
"
35,2021-04-06 04:50:14.070000+00:00,,meriadoc,LAB-516,2021-04-06 04:51:40.235000+00:00,synthetic-80-5-200K-uniform-[0.15],ygorcanalli,2021-04-06 04:51:36.978000+00:00,82.904,1926361.0,idle,fix-hyperparameters,0.6632500290870667,0.9872288703918457,0.6632500290870667,0.9872288703918457,0.7596562504768372,0.8233209848403931,0.8845750093460083,0.4818311035633087,32.0,synthetic-80-5-200K,20.0,"[array([[0.85  , 0.0375, 0.0375, 0.0375, 0.0375],
       [0.0375, 0.85  , 0.0375, 0.0375, 0.0375],
       [0.0375, 0.0375, 0.85  , 0.0375, 0.0375],
       [0.0375, 0.0375, 0.0375, 0.85  , 0.0375],
       [0.0375, 0.0375, 0.0375, 0.0375, 0.85  ]])]",None,simple-mlp,uniform,0.15,forward,_________________________________________________________________,0.17542437598233224,58.0,47.0,94.0,3.0,5.0,80.0,main.py,bfe1b5d7ea9186374971062d77ddd3a65ac0a65d,21.4,8.227230072021484,"https://ui.neptune.ai/ygorcanalli/LabelNoise/e/LAB-516
"
36,2021-04-06 03:48:22.251000+00:00,,meriadoc,LAB-464,2021-04-06 03:49:00.495000+00:00,synthetic-50-2-100K-uniform-[0],ygorcanalli,2021-04-06 03:48:53.794000+00:00,31.543,966121.0,idle,fix-hyperparameters,0.9675624966621399,0.09645814448595047,0.9675624966621399,0.09645814448595047,0.9595624804496765,0.11591704189777374,0.9559500217437744,0.12960200011730194,32.0,synthetic-50-2-100K,20.0,None,None,simple-mlp,uniform,0.0,boot-soft,_________________________________________________________________,0.005073702428942628,82.0,84.0,13.0,3.0,2.0,50.0,main.py,bfe1b5d7ea9186374971062d77ddd3a65ac0a65d,23.3,6.541385650634766,"https://ui.neptune.ai/ygorcanalli/LabelNoise/e/LAB-464
"
37,2021-04-06 04:06:01.888000+00:00,,meriadoc,LAB-489,2021-04-06 04:06:38.181000+00:00,synthetic-50-2-100K-uniform-[0.25],ygorcanalli,2021-04-06 04:06:33.354000+00:00,31.463,966121.0,idle,fix-hyperparameters,0.7275312542915344,0.5611430406570435,0.7275312542915344,0.5611430406570435,0.7046250104904175,0.614893913269043,0.8913999795913696,0.3871416449546814,32.0,synthetic-50-2-100K,20.0,None,None,simple-mlp,uniform,0.25,boot-soft,_________________________________________________________________,0.005073702428942628,82.0,84.0,13.0,3.0,2.0,50.0,main.py,bfe1b5d7ea9186374971062d77ddd3a65ac0a65d,23.4,6.951694488525391,"https://ui.neptune.ai/ygorcanalli/LabelNoise/e/LAB-489
"
38,2021-04-06 04:38:22.207000+00:00,,meriadoc,LAB-508,2021-04-06 04:39:43.758000+00:00,synthetic-80-5-200K-uniform-[0.1],ygorcanalli,2021-04-06 04:39:34.778000+00:00,72.568,1926361.0,idle,fix-hyperparameters,0.7010077834129333,0.8926071524620056,0.7010077834129333,0.8926071524620056,0.7985625267028809,0.7185419201850891,0.8803750276565552,0.45285165309906006,32.0,synthetic-80-5-200K,20.0,None,None,simple-mlp,uniform,0.1,none,_________________________________________________________________,0.17542437598233224,58.0,47.0,94.0,3.0,5.0,80.0,main.py,bfe1b5d7ea9186374971062d77ddd3a65ac0a65d,20.6,8.124114990234375,"https://ui.neptune.ai/ygorcanalli/LabelNoise/e/LAB-508
"
39,2021-04-06 04:09:33.549000+00:00,,meriadoc,LAB-494,2021-04-06 04:10:10.774000+00:00,synthetic-50-2-100K-uniform-[0.3],ygorcanalli,2021-04-06 04:10:05.066000+00:00,31.515,966121.0,idle,fix-hyperparameters,0.6911249756813049,0.5954062938690186,0.6911249756813049,0.5954062938690186,0.6380000114440918,0.666095495223999,0.8403499722480774,0.4666674733161926,32.0,synthetic-50-2-100K,20.0,None,None,simple-mlp,uniform,0.3,boot-soft,_________________________________________________________________,0.005073702428942628,82.0,84.0,13.0,3.0,2.0,50.0,main.py,bfe1b5d7ea9186374971062d77ddd3a65ac0a65d,23.1,6.999732971191406,"https://ui.neptune.ai/ygorcanalli/LabelNoise/e/LAB-494
"
40,2021-04-06 05:02:23.457000+00:00,,meriadoc,LAB-524,2021-04-06 05:03:47.082000+00:00,synthetic-80-5-200K-uniform-[0.25],ygorcanalli,2021-04-06 05:03:46.151000+00:00,82.69,1926361.0,idle,fix-hyperparameters,0.5874921679496765,1.1779255867004395,0.5874921679496765,1.1779255867004395,0.6603749990463257,1.08750581741333,0.8660500049591064,0.6467742919921875,32.0,synthetic-80-5-200K,20.0,None,None,simple-mlp,uniform,0.25,boot-soft,_________________________________________________________________,0.17542437598233224,58.0,47.0,94.0,3.0,5.0,80.0,main.py,bfe1b5d7ea9186374971062d77ddd3a65ac0a65d,21.3,8.32718276977539,"https://ui.neptune.ai/ygorcanalli/LabelNoise/e/LAB-524
"
41,2021-04-06 03:51:53.286000+00:00,,meriadoc,LAB-469,2021-04-06 03:52:31.014000+00:00,synthetic-50-2-100K-uniform-[0.05],ygorcanalli,2021-04-06 03:52:24.694000+00:00,31.407,966121.0,idle,fix-hyperparameters,0.9187187552452087,0.2511656582355499,0.9187187552452087,0.2511656582355499,0.9114999771118164,0.2865331470966339,0.9513000249862671,0.1567758470773697,32.0,synthetic-50-2-100K,20.0,None,None,simple-mlp,uniform,0.05,boot-soft,_________________________________________________________________,0.005073702428942628,82.0,84.0,13.0,3.0,2.0,50.0,main.py,bfe1b5d7ea9186374971062d77ddd3a65ac0a65d,24.5,6.6363372802734375,"https://ui.neptune.ai/ygorcanalli/LabelNoise/e/LAB-469
"
42,2021-04-06 07:09:23.368000+00:00,,meriadoc,LAB-554,2021-04-06 07:13:13.155000+00:00,synthetic-100-5-500K-uniform-[0.2],ygorcanalli,2021-04-06 07:13:09.962000+00:00,226.582,4806846.0,idle,fix-hyperparameters,0.7416241765022278,0.9223983883857727,0.7416241765022278,0.9223983883857727,0.744112491607666,0.923500657081604,0.9259700179100037,0.4438338279724121,32.0,synthetic-100-5-500K,20.0,None,None,simple-mlp,uniform,0.2,boot-soft,_________________________________________________________________,0.004248038674119314,26.0,80.0,,2.0,5.0,100.0,main.py,bfe1b5d7ea9186374971062d77ddd3a65ac0a65d,18.7,10.806652069091797,"https://ui.neptune.ai/ygorcanalli/LabelNoise/e/LAB-554
"
43,2021-04-06 06:30:05.811000+00:00,,meriadoc,LAB-544,2021-04-06 06:33:52.324000+00:00,synthetic-100-5-500K-uniform-[0.1],ygorcanalli,2021-04-06 06:33:42.035000+00:00,216.216,4806846.0,idle,fix-hyperparameters,0.8400495052337646,0.6370497345924377,0.8400495052337646,0.6370497345924377,0.8466249704360962,0.6266486048698425,0.9363099932670593,0.2973443567752838,32.0,synthetic-100-5-500K,20.0,None,None,simple-mlp,uniform,0.1,boot-soft,_________________________________________________________________,0.004248038674119314,26.0,80.0,,2.0,5.0,100.0,main.py,bfe1b5d7ea9186374971062d77ddd3a65ac0a65d,18.8,10.652019500732422,"https://ui.neptune.ai/ygorcanalli/LabelNoise/e/LAB-544
"
44,2021-04-06 07:17:15.450000+00:00,,meriadoc,LAB-556,2021-04-06 07:21:04.260000+00:00,synthetic-100-5-500K-uniform-[0.2],ygorcanalli,2021-04-06 07:21:01.818000+00:00,226.359,4806846.0,idle,fix-hyperparameters,0.7524804472923279,0.868246853351593,0.7524804472923279,0.868246853351593,0.7543874979019165,0.8672041893005371,0.93927001953125,0.3574538230895996,32.0,synthetic-100-5-500K,20.0,"[array([[0.8 , 0.05, 0.05, 0.05, 0.05],
       [0.05, 0.8 , 0.05, 0.05, 0.05],
       [0.05, 0.05, 0.8 , 0.05, 0.05],
       [0.05, 0.05, 0.05, 0.8 , 0.05],
       [0.05, 0.05, 0.05, 0.05, 0.8 ]])]",None,simple-mlp,uniform,0.2,forward,_________________________________________________________________,0.004248038674119314,26.0,80.0,,2.0,5.0,100.0,main.py,bfe1b5d7ea9186374971062d77ddd3a65ac0a65d,18.4,10.767498016357422,"https://ui.neptune.ai/ygorcanalli/LabelNoise/e/LAB-556
"
45,2021-04-06 07:48:41.222000+00:00,,meriadoc,LAB-564,2021-04-06 07:52:30.242000+00:00,synthetic-100-5-500K-uniform-[0.3],ygorcanalli,2021-04-06 07:52:27.577000+00:00,226.344,4806846.0,idle,fix-hyperparameters,0.6447864174842834,1.1408445835113525,0.6447864174842834,1.1408445835113525,0.6474875211715698,1.1421706676483154,0.9115099906921387,0.5818732380867004,32.0,synthetic-100-5-500K,20.0,None,None,simple-mlp,uniform,0.3,boot-soft,_________________________________________________________________,0.004248038674119314,26.0,80.0,,2.0,5.0,100.0,main.py,bfe1b5d7ea9186374971062d77ddd3a65ac0a65d,19.1,10.867683410644531,"https://ui.neptune.ai/ygorcanalli/LabelNoise/e/LAB-564
"
46,2021-04-06 04:33:43.762000+00:00,,meriadoc,LAB-505,2021-04-06 04:35:10.531000+00:00,synthetic-80-5-200K-uniform-[0.05],ygorcanalli,2021-04-06 04:35:06.529000+00:00,82.762,1926361.0,idle,fix-hyperparameters,0.7417500019073486,0.6704845428466797,0.7417500019073486,0.6704845428466797,0.8443124890327454,0.4818665087223053,0.8881499767303467,0.32865020632743835,32.0,synthetic-80-5-200K,20.0,None,None,simple-mlp,uniform,0.05,boot-hard,_________________________________________________________________,0.17542437598233224,58.0,47.0,94.0,3.0,5.0,80.0,main.py,bfe1b5d7ea9186374971062d77ddd3a65ac0a65d,21.1,8.095283508300781,"https://ui.neptune.ai/ygorcanalli/LabelNoise/e/LAB-505
"
47,2021-04-06 07:13:17.031000+00:00,,meriadoc,LAB-555,2021-04-06 07:17:11.883000+00:00,synthetic-100-5-500K-uniform-[0.2],ygorcanalli,2021-04-06 07:17:03.447000+00:00,226.401,4806894.0,idle,fix-hyperparameters,0.7356804013252258,0.8141673803329468,0.7356804013252258,0.8141673803329468,0.7371875047683716,0.8142175674438477,0.9179499745368958,0.3709949254989624,32.0,synthetic-100-5-500K,20.0,None,None,simple-mlp,uniform,0.2,boot-hard,_________________________________________________________________,0.004248038674119314,26.0,80.0,,2.0,5.0,100.0,main.py,bfe1b5d7ea9186374971062d77ddd3a65ac0a65d,18.0,10.758434295654297,"https://ui.neptune.ai/ygorcanalli/LabelNoise/e/LAB-555
"
48,2021-04-06 04:51:43.326000+00:00,,meriadoc,LAB-517,2021-04-06 04:53:07.124000+00:00,synthetic-80-5-200K-uniform-[0.15],ygorcanalli,2021-04-06 04:53:06.073000+00:00,82.744,1926361.0,idle,fix-hyperparameters,0.6538203358650208,0.6307982206344604,0.6538203358650208,0.6307982206344604,0.7423437237739563,0.3852519690990448,0.8635749816894531,-0.49625760316848755,32.0,synthetic-80-5-200K,20.0,"[array([[0.85  , 0.0375, 0.0375, 0.0375, 0.0375],
       [0.0375, 0.85  , 0.0375, 0.0375, 0.0375],
       [0.0375, 0.0375, 0.85  , 0.0375, 0.0375],
       [0.0375, 0.0375, 0.0375, 0.85  , 0.0375],
       [0.0375, 0.0375, 0.0375, 0.0375, 0.85  ]])]",None,simple-mlp,uniform,0.15,backward,_________________________________________________________________,0.17542437598233224,58.0,47.0,94.0,3.0,5.0,80.0,main.py,bfe1b5d7ea9186374971062d77ddd3a65ac0a65d,21.7,8.222301483154297,"https://ui.neptune.ai/ygorcanalli/LabelNoise/e/LAB-517
"
49,2021-04-06 06:10:18.053000+00:00,,meriadoc,LAB-539,2021-04-06 06:14:08.700000+00:00,synthetic-100-5-500K-uniform-[0.05],ygorcanalli,2021-04-06 06:14:04.487000+00:00,226.423,4806846.0,idle,fix-hyperparameters,0.8894527554512024,0.4592147171497345,0.8894527554512024,0.4592147171497345,0.8967124819755554,0.4466606378555298,0.9427499771118164,0.23259924352169037,32.0,synthetic-100-5-500K,20.0,None,None,simple-mlp,uniform,0.05,boot-soft,_________________________________________________________________,0.004248038674119314,26.0,80.0,,2.0,5.0,100.0,main.py,bfe1b5d7ea9186374971062d77ddd3a65ac0a65d,18.9,10.223522186279297,"https://ui.neptune.ai/ygorcanalli/LabelNoise/e/LAB-539
"
50,2021-04-06 03:49:44.758000+00:00,,meriadoc,LAB-466,2021-04-06 03:50:22.447000+00:00,synthetic-50-2-100K-uniform-[0],ygorcanalli,2021-04-06 03:50:16.190000+00:00,31.431,966121.0,idle,fix-hyperparameters,0.9672499895095825,0.09736862033605576,0.9672499895095825,0.09736862033605576,0.9631875157356262,0.10689740628004074,0.9584000110626221,0.12152816355228424,32.0,synthetic-50-2-100K,20.0,"[array([[1., 0.],
       [0., 1.]])]",None,simple-mlp,uniform,0.0,forward,_________________________________________________________________,0.005073702428942628,82.0,84.0,13.0,3.0,2.0,50.0,main.py,bfe1b5d7ea9186374971062d77ddd3a65ac0a65d,23.9,6.553539276123047,"https://ui.neptune.ai/ygorcanalli/LabelNoise/e/LAB-466
"
51,2021-04-06 05:54:33.713000+00:00,,meriadoc,LAB-535,2021-04-06 05:58:23.628000+00:00,synthetic-100-5-500K-uniform-[0],ygorcanalli,2021-04-06 05:58:20.106000+00:00,226.381,4806846.0,idle,fix-hyperparameters,0.9467810988426208,0.1713835746049881,0.9467810988426208,0.1713835746049881,0.9533249735832214,0.15598168969154358,0.9517999887466431,0.15841886401176453,32.0,synthetic-100-5-500K,20.0,None,None,simple-mlp,uniform,0.0,boot-hard,_________________________________________________________________,0.004248038674119314,26.0,80.0,,2.0,5.0,100.0,main.py,bfe1b5d7ea9186374971062d77ddd3a65ac0a65d,19.0,10.153766632080078,"https://ui.neptune.ai/ygorcanalli/LabelNoise/e/LAB-535
"
52,2021-04-06 03:56:03.409000+00:00,,meriadoc,LAB-475,2021-04-06 03:56:41.930000+00:00,synthetic-50-2-100K-uniform-[0.1],ygorcanalli,2021-04-06 03:56:34.879000+00:00,31.468,966121.0,idle,fix-hyperparameters,0.8666874766349792,0.32203209400177,0.8666874766349792,0.32203209400177,0.8610000014305115,0.35029786825180054,0.9465500116348267,0.16955789923667908,32.0,synthetic-50-2-100K,20.0,None,None,simple-mlp,uniform,0.1,boot-hard,_________________________________________________________________,0.005073702428942628,82.0,84.0,13.0,3.0,2.0,50.0,main.py,bfe1b5d7ea9186374971062d77ddd3a65ac0a65d,23.5,6.773738861083984,"https://ui.neptune.ai/ygorcanalli/LabelNoise/e/LAB-475
"
53,2021-04-06 04:47:20.738000+00:00,,meriadoc,LAB-514,2021-04-06 04:48:44.030000+00:00,synthetic-80-5-200K-uniform-[0.15],ygorcanalli,2021-04-06 04:48:43.466000+00:00,82.724,1926361.0,idle,fix-hyperparameters,0.6620000004768372,1.0033708810806274,0.6620000004768372,1.0033708810806274,0.7531874775886536,0.8505224585533142,0.874750018119812,0.5027199983596802,32.0,synthetic-80-5-200K,20.0,None,None,simple-mlp,uniform,0.15,boot-soft,_________________________________________________________________,0.17542437598233224,58.0,47.0,94.0,3.0,5.0,80.0,main.py,bfe1b5d7ea9186374971062d77ddd3a65ac0a65d,21.9,8.222076416015625,"https://ui.neptune.ai/ygorcanalli/LabelNoise/e/LAB-514
"
54,2021-04-06 05:05:20.806000+00:00,,meriadoc,LAB-526,2021-04-06 05:06:48.552000+00:00,synthetic-80-5-200K-uniform-[0.25],ygorcanalli,2021-04-06 05:06:43.665000+00:00,82.857,1926361.0,idle,fix-hyperparameters,0.5922577977180481,1.1631593704223633,0.5922577977180481,1.1631593704223633,0.6598437428474426,1.063248634338379,0.8708500266075134,0.6025010347366333,32.0,synthetic-80-5-200K,20.0,"[array([[0.75  , 0.0625, 0.0625, 0.0625, 0.0625],
       [0.0625, 0.75  , 0.0625, 0.0625, 0.0625],
       [0.0625, 0.0625, 0.75  , 0.0625, 0.0625],
       [0.0625, 0.0625, 0.0625, 0.75  , 0.0625],
       [0.0625, 0.0625, 0.0625, 0.0625, 0.75  ]])]",None,simple-mlp,uniform,0.25,forward,_________________________________________________________________,0.17542437598233224,58.0,47.0,94.0,3.0,5.0,80.0,main.py,bfe1b5d7ea9186374971062d77ddd3a65ac0a65d,21.6,8.263286590576172,"https://ui.neptune.ai/ygorcanalli/LabelNoise/e/LAB-526
"
55,2021-04-06 03:50:25.506000+00:00,,meriadoc,LAB-467,2021-04-06 03:51:04.494000+00:00,synthetic-50-2-100K-uniform-[0],ygorcanalli,2021-04-06 03:50:56.895000+00:00,31.387,966121.0,idle,fix-hyperparameters,0.9673905968666077,0.09739504754543304,0.9673905968666077,0.09739504754543304,0.960562527179718,0.11420731246471405,0.9581000208854675,0.12557768821716309,32.0,synthetic-50-2-100K,20.0,"[array([[1., 0.],
       [0., 1.]])]",None,simple-mlp,uniform,0.0,backward,_________________________________________________________________,0.005073702428942628,82.0,84.0,13.0,3.0,2.0,50.0,main.py,bfe1b5d7ea9186374971062d77ddd3a65ac0a65d,24.3,6.5590972900390625,"https://ui.neptune.ai/ygorcanalli/LabelNoise/e/LAB-467
"
56,2021-04-06 04:59:17.613000+00:00,,meriadoc,LAB-522,2021-04-06 05:00:41.153000+00:00,synthetic-80-5-200K-uniform-[0.2],ygorcanalli,2021-04-06 05:00:40.417000+00:00,82.799,1926361.0,idle,fix-hyperparameters,0.6138906478881836,0.6393832564353943,0.6138906478881836,0.6393832564353943,0.6912187337875366,0.445598840713501,0.8546749949455261,-0.7619546055793762,32.0,synthetic-80-5-200K,20.0,"[array([[0.8 , 0.05, 0.05, 0.05, 0.05],
       [0.05, 0.8 , 0.05, 0.05, 0.05],
       [0.05, 0.05, 0.8 , 0.05, 0.05],
       [0.05, 0.05, 0.05, 0.8 , 0.05],
       [0.05, 0.05, 0.05, 0.05, 0.8 ]])]",None,simple-mlp,uniform,0.2,backward,_________________________________________________________________,0.17542437598233224,58.0,47.0,94.0,3.0,5.0,80.0,main.py,bfe1b5d7ea9186374971062d77ddd3a65ac0a65d,21.7,8.275978088378906,"https://ui.neptune.ai/ygorcanalli/LabelNoise/e/LAB-522
"
57,2021-04-06 05:14:27.074000+00:00,,meriadoc,LAB-532,2021-04-06 05:15:51.105000+00:00,synthetic-80-5-200K-uniform-[0.3],ygorcanalli,2021-04-06 05:15:49.808000+00:00,82.73,1926361.0,idle,fix-hyperparameters,0.5342265367507935,0.6217237114906311,0.5342265367507935,0.6217237114906311,0.5923749804496765,0.525338888168335,0.8267250061035156,-1.8246361017227173,32.0,synthetic-80-5-200K,20.0,"[array([[0.7  , 0.075, 0.075, 0.075, 0.075],
       [0.075, 0.7  , 0.075, 0.075, 0.075],
       [0.075, 0.075, 0.7  , 0.075, 0.075],
       [0.075, 0.075, 0.075, 0.7  , 0.075],
       [0.075, 0.075, 0.075, 0.075, 0.7  ]])]",None,simple-mlp,uniform,0.3,backward,_________________________________________________________________,0.17542437598233224,58.0,47.0,94.0,3.0,5.0,80.0,main.py,bfe1b5d7ea9186374971062d77ddd3a65ac0a65d,21.4,8.504280090332031,"https://ui.neptune.ai/ygorcanalli/LabelNoise/e/LAB-532
"
58,2021-04-06 06:06:36.833000+00:00,,meriadoc,LAB-538,2021-04-06 06:10:13.837000+00:00,synthetic-100-5-500K-uniform-[0.05],ygorcanalli,2021-04-06 06:10:13.061000+00:00,216.217,4806798.0,idle,fix-hyperparameters,0.8904340267181396,0.4585617780685425,0.8904340267181396,0.4585617780685425,0.8964375257492065,0.44695958495140076,0.942359983921051,0.24308331310749054,32.0,synthetic-100-5-500K,20.0,None,None,simple-mlp,uniform,0.05,none,_________________________________________________________________,0.004248038674119314,26.0,80.0,,2.0,5.0,100.0,main.py,bfe1b5d7ea9186374971062d77ddd3a65ac0a65d,19.7,9.889820098876953,"https://ui.neptune.ai/ygorcanalli/LabelNoise/e/LAB-538
"
59,2021-04-06 06:14:12.346000+00:00,,meriadoc,LAB-540,2021-04-06 06:18:03.696000+00:00,synthetic-100-5-500K-uniform-[0.05],ygorcanalli,2021-04-06 06:17:58.784000+00:00,226.426,4806894.0,idle,fix-hyperparameters,0.8920683860778809,0.3961557447910309,0.8920683860778809,0.3961557447910309,0.8989999890327454,0.3831697404384613,0.9444500207901001,0.20289959013462067,32.0,synthetic-100-5-500K,20.0,None,None,simple-mlp,uniform,0.05,boot-hard,_________________________________________________________________,0.004248038674119314,26.0,80.0,,2.0,5.0,100.0,main.py,bfe1b5d7ea9186374971062d77ddd3a65ac0a65d,17.6,10.634716033935547,"https://ui.neptune.ai/ygorcanalli/LabelNoise/e/LAB-540
"
60,2021-04-06 05:06:51.562000+00:00,,meriadoc,LAB-527,2021-04-06 05:08:15.584000+00:00,synthetic-80-5-200K-uniform-[0.25],ygorcanalli,2021-04-06 05:08:14.749000+00:00,83.184,1926361.0,idle,fix-hyperparameters,0.5746015906333923,0.6003222465515137,0.5746015906333923,0.6003222465515137,0.6443750262260437,0.47195279598236084,0.8416249752044678,-1.3566045761108398,32.0,synthetic-80-5-200K,20.0,"[array([[0.75  , 0.0625, 0.0625, 0.0625, 0.0625],
       [0.0625, 0.75  , 0.0625, 0.0625, 0.0625],
       [0.0625, 0.0625, 0.75  , 0.0625, 0.0625],
       [0.0625, 0.0625, 0.0625, 0.75  , 0.0625],
       [0.0625, 0.0625, 0.0625, 0.0625, 0.75  ]])]",None,simple-mlp,uniform,0.25,backward,_________________________________________________________________,0.17542437598233224,58.0,47.0,94.0,3.0,5.0,80.0,main.py,bfe1b5d7ea9186374971062d77ddd3a65ac0a65d,21.6,8.30270004272461,"https://ui.neptune.ai/ygorcanalli/LabelNoise/e/LAB-527
"
61,2021-04-06 05:03:50.426000+00:00,,meriadoc,LAB-525,2021-04-06 05:05:17.056000+00:00,synthetic-80-5-200K-uniform-[0.25],ygorcanalli,2021-04-06 05:05:13.346000+00:00,82.915,1926361.0,idle,fix-hyperparameters,0.5877734422683716,1.0471795797348022,0.5877734422683716,1.0471795797348022,0.6550624966621399,0.9550614356994629,0.8592749834060669,0.5259767770767212,32.0,synthetic-80-5-200K,20.0,None,None,simple-mlp,uniform,0.25,boot-hard,_________________________________________________________________,0.17542437598233224,58.0,47.0,94.0,3.0,5.0,80.0,main.py,bfe1b5d7ea9186374971062d77ddd3a65ac0a65d,21.5,8.345157623291016,"https://ui.neptune.ai/ygorcanalli/LabelNoise/e/LAB-525
"
62,2021-04-06 04:06:41.078000+00:00,,meriadoc,LAB-490,2021-04-06 04:07:19.772000+00:00,synthetic-50-2-100K-uniform-[0.25],ygorcanalli,2021-04-06 04:07:12.610000+00:00,31.531,966121.0,idle,fix-hyperparameters,0.7302500009536743,0.5086920261383057,0.7302500009536743,0.5086920261383057,0.711187481880188,0.5489881038665771,0.9117500185966492,0.3180607855319977,32.0,synthetic-50-2-100K,20.0,None,None,simple-mlp,uniform,0.25,boot-hard,_________________________________________________________________,0.005073702428942628,82.0,84.0,13.0,3.0,2.0,50.0,main.py,bfe1b5d7ea9186374971062d77ddd3a65ac0a65d,23.7,6.963596343994141,"https://ui.neptune.ai/ygorcanalli/LabelNoise/e/LAB-490
"
63,2021-04-06 05:08:30.378000+00:00,,meriadoc,LAB-528,2021-04-06 05:09:54.283000+00:00,synthetic-80-5-200K-uniform-[0.3],ygorcanalli,2021-04-06 05:09:53.208000+00:00,82.825,1926361.0,idle,fix-hyperparameters,0.5486015677452087,1.260490894317627,0.5486015677452087,1.260490894317627,0.6098750233650208,1.1883221864700317,0.8532249927520752,0.7030765414237976,32.0,synthetic-80-5-200K,20.0,None,None,simple-mlp,uniform,0.3,none,_________________________________________________________________,0.17542437598233224,58.0,47.0,94.0,3.0,5.0,80.0,main.py,bfe1b5d7ea9186374971062d77ddd3a65ac0a65d,21.3,8.424213409423828,"https://ui.neptune.ai/ygorcanalli/LabelNoise/e/LAB-528
"
64,2021-04-06 05:12:55.891000+00:00,,meriadoc,LAB-531,2021-04-06 05:14:23.352000+00:00,synthetic-80-5-200K-uniform-[0.3],ygorcanalli,2021-04-06 05:14:18.606000+00:00,82.712,1926361.0,idle,fix-hyperparameters,0.5513359308242798,1.244028091430664,0.5513359308242798,1.244028091430664,0.6193437576293945,1.1605552434921265,0.8712249994277954,0.6608117818832397,32.0,synthetic-80-5-200K,20.0,"[array([[0.7  , 0.075, 0.075, 0.075, 0.075],
       [0.075, 0.7  , 0.075, 0.075, 0.075],
       [0.075, 0.075, 0.7  , 0.075, 0.075],
       [0.075, 0.075, 0.075, 0.7  , 0.075],
       [0.075, 0.075, 0.075, 0.075, 0.7  ]])]",None,simple-mlp,uniform,0.3,forward,_________________________________________________________________,0.17542437598233224,58.0,47.0,94.0,3.0,5.0,80.0,main.py,bfe1b5d7ea9186374971062d77ddd3a65ac0a65d,21.7,8.546401977539062,"https://ui.neptune.ai/ygorcanalli/LabelNoise/e/LAB-531
"
65,2021-04-06 07:29:11.686000+00:00,,meriadoc,LAB-559,2021-04-06 07:33:02.206000+00:00,synthetic-100-5-500K-uniform-[0.25],ygorcanalli,2021-04-06 07:32:58.136000+00:00,226.44,4806846.0,idle,fix-hyperparameters,0.6909021735191345,1.0407216548919678,0.6909021735191345,1.0407216548919678,0.6882874965667725,1.0455788373947144,0.9101300239562988,0.502844512462616,32.0,synthetic-100-5-500K,20.0,None,None,simple-mlp,uniform,0.25,boot-soft,_________________________________________________________________,0.004248038674119314,26.0,80.0,,2.0,5.0,100.0,main.py,bfe1b5d7ea9186374971062d77ddd3a65ac0a65d,19.1,10.890789031982422,"https://ui.neptune.ai/ygorcanalli/LabelNoise/e/LAB-559
"
66,2021-04-06 06:41:48.281000+00:00,,meriadoc,LAB-547,2021-04-06 06:45:29.579000+00:00,synthetic-100-5-500K-uniform-[0.1],ygorcanalli,2021-04-06 06:45:24.559000+00:00,216.271,4806846.0,idle,fix-hyperparameters,0.8319275975227356,0.23995614051818848,0.8319275975227356,0.23995614051818848,0.8350499868392944,0.24871547520160675,0.9253299832344055,-0.6672307252883911,32.0,synthetic-100-5-500K,20.0,"[array([[0.9  , 0.025, 0.025, 0.025, 0.025],
       [0.025, 0.9  , 0.025, 0.025, 0.025],
       [0.025, 0.025, 0.9  , 0.025, 0.025],
       [0.025, 0.025, 0.025, 0.9  , 0.025],
       [0.025, 0.025, 0.025, 0.025, 0.9  ]])]",None,simple-mlp,uniform,0.1,backward,_________________________________________________________________,0.004248038674119314,26.0,80.0,,2.0,5.0,100.0,main.py,bfe1b5d7ea9186374971062d77ddd3a65ac0a65d,18.3,10.74066162109375,"https://ui.neptune.ai/ygorcanalli/LabelNoise/e/LAB-547
"
67,2021-04-06 03:58:11.961000+00:00,,meriadoc,LAB-478,2021-04-06 03:58:49.338000+00:00,synthetic-50-2-100K-uniform-[0.15],ygorcanalli,2021-04-06 03:58:43.452000+00:00,31.49,966121.0,idle,fix-hyperparameters,0.8202812671661377,0.44648247957229614,0.8202812671661377,0.44648247957229614,0.8034999966621399,0.4917682111263275,0.9296000003814697,0.2576003074645996,32.0,synthetic-50-2-100K,20.0,None,None,simple-mlp,uniform,0.15,none,_________________________________________________________________,0.005073702428942628,82.0,84.0,13.0,3.0,2.0,50.0,main.py,bfe1b5d7ea9186374971062d77ddd3a65ac0a65d,23.8,6.7507476806640625,"https://ui.neptune.ai/ygorcanalli/LabelNoise/e/LAB-478
"
68,2021-04-06 04:04:35.965000+00:00,,meriadoc,LAB-487,2021-04-06 04:05:12.995000+00:00,synthetic-50-2-100K-uniform-[0.2],ygorcanalli,2021-04-06 04:05:07.479000+00:00,31.513,966121.0,idle,fix-hyperparameters,0.7599999904632568,-0.2789076864719391,0.7599999904632568,-0.2789076864719391,0.7384999990463257,0.298279345035553,0.8849999904632568,-1.8383173942565918,32.0,synthetic-50-2-100K,20.0,"[array([[0.8, 0.2],
       [0.2, 0.8]])]",None,simple-mlp,uniform,0.2,backward,_________________________________________________________________,0.005073702428942628,82.0,84.0,13.0,3.0,2.0,50.0,main.py,bfe1b5d7ea9186374971062d77ddd3a65ac0a65d,23.7,6.9359893798828125,"https://ui.neptune.ai/ygorcanalli/LabelNoise/e/LAB-487
"
69,2021-04-06 04:39:46.714000+00:00,,meriadoc,LAB-509,2021-04-06 04:41:11.899000+00:00,synthetic-80-5-200K-uniform-[0.1],ygorcanalli,2021-04-06 04:41:09.903000+00:00,83.185,1926361.0,idle,fix-hyperparameters,0.7017421722412109,0.8901882767677307,0.7017421722412109,0.8901882767677307,0.7986562252044678,0.720700204372406,0.8801249861717224,0.4525022506713867,32.0,synthetic-80-5-200K,20.0,None,None,simple-mlp,uniform,0.1,boot-soft,_________________________________________________________________,0.17542437598233224,58.0,47.0,94.0,3.0,5.0,80.0,main.py,bfe1b5d7ea9186374971062d77ddd3a65ac0a65d,20.7,8.207660675048828,"https://ui.neptune.ai/ygorcanalli/LabelNoise/e/LAB-509
"
70,2021-04-06 03:57:26.279000+00:00,,meriadoc,LAB-477,2021-04-06 03:58:03.673000+00:00,synthetic-50-2-100K-uniform-[0.1],ygorcanalli,2021-04-06 03:57:57.698000+00:00,31.418,966121.0,idle,fix-hyperparameters,0.8541874885559082,-0.014584003947675228,0.8541874885559082,-0.014584003947675228,0.8341875076293945,0.20795775949954987,0.9182999730110168,-0.5110370516777039,32.0,synthetic-50-2-100K,20.0,"[array([[0.9, 0.1],
       [0.1, 0.9]])]",None,simple-mlp,uniform,0.1,backward,_________________________________________________________________,0.005073702428942628,82.0,84.0,13.0,3.0,2.0,50.0,main.py,bfe1b5d7ea9186374971062d77ddd3a65ac0a65d,24.4,6.831592559814453,"https://ui.neptune.ai/ygorcanalli/LabelNoise/e/LAB-477
"
71,2021-04-06 08:00:19.404000+00:00,,meriadoc,LAB-567,2021-04-06 08:03:59.399000+00:00,synthetic-100-5-500K-uniform-[0.3],ygorcanalli,2021-04-06 08:03:55.733000+00:00,216.32,4806798.0,idle,fix-hyperparameters,0.6315019726753235,0.2604137361049652,0.6315019726753235,0.2604137361049652,0.6317124962806702,0.3191213011741638,0.8894400000572205,-3.598989963531494,32.0,synthetic-100-5-500K,20.0,"[array([[0.7  , 0.075, 0.075, 0.075, 0.075],
       [0.075, 0.7  , 0.075, 0.075, 0.075],
       [0.075, 0.075, 0.7  , 0.075, 0.075],
       [0.075, 0.075, 0.075, 0.7  , 0.075],
       [0.075, 0.075, 0.075, 0.075, 0.7  ]])]",None,simple-mlp,uniform,0.3,backward,_________________________________________________________________,0.004248038674119314,26.0,80.0,,2.0,5.0,100.0,main.py,bfe1b5d7ea9186374971062d77ddd3a65ac0a65d,20.3,11.238582611083984,"https://ui.neptune.ai/ygorcanalli/LabelNoise/e/LAB-567
"
72,2021-04-06 07:40:47.370000+00:00,,meriadoc,LAB-562,2021-04-06 07:44:27.165000+00:00,synthetic-100-5-500K-uniform-[0.25],ygorcanalli,2021-04-06 07:44:23.726000+00:00,216.346,4806798.0,idle,fix-hyperparameters,0.6756240129470825,0.27696850895881653,0.6756240129470825,0.27696850895881653,0.6764500141143799,0.33127033710479736,0.8934299945831299,-2.60690975189209,32.0,synthetic-100-5-500K,20.0,"[array([[0.75  , 0.0625, 0.0625, 0.0625, 0.0625],
       [0.0625, 0.75  , 0.0625, 0.0625, 0.0625],
       [0.0625, 0.0625, 0.75  , 0.0625, 0.0625],
       [0.0625, 0.0625, 0.0625, 0.75  , 0.0625],
       [0.0625, 0.0625, 0.0625, 0.0625, 0.75  ]])]",None,simple-mlp,uniform,0.25,backward,_________________________________________________________________,0.004248038674119314,26.0,80.0,,2.0,5.0,100.0,main.py,bfe1b5d7ea9186374971062d77ddd3a65ac0a65d,20.3,10.876617431640625,"https://ui.neptune.ai/ygorcanalli/LabelNoise/e/LAB-562
"
73,2021-04-06 05:50:45.920000+00:00,,meriadoc,LAB-534,2021-04-06 05:54:29.491000+00:00,synthetic-100-5-500K-uniform-[0],ygorcanalli,2021-04-06 05:54:22.011000+00:00,216.083,4806846.0,idle,fix-hyperparameters,0.9454404711723328,0.19911889731884003,0.9454404711723328,0.19911889731884003,0.9525625109672546,0.18023398518562317,0.9505800008773804,0.18561525642871857,32.0,synthetic-100-5-500K,20.0,None,None,simple-mlp,uniform,0.0,boot-soft,_________________________________________________________________,0.004248038674119314,26.0,80.0,,2.0,5.0,100.0,main.py,bfe1b5d7ea9186374971062d77ddd3a65ac0a65d,20.2,10.134078979492188,"https://ui.neptune.ai/ygorcanalli/LabelNoise/e/LAB-534
"
74,2021-04-06 04:32:16.089000+00:00,,meriadoc,LAB-504,2021-04-06 04:33:40.735000+00:00,synthetic-80-5-200K-uniform-[0.05],ygorcanalli,2021-04-06 04:33:38.792000+00:00,82.698,1926361.0,idle,fix-hyperparameters,0.7393593788146973,0.760822057723999,0.7393593788146973,0.760822057723999,0.8460937738418579,0.5563421249389648,0.888824999332428,0.39145559072494507,32.0,synthetic-80-5-200K,20.0,None,None,simple-mlp,uniform,0.05,boot-soft,_________________________________________________________________,0.17542437598233224,58.0,47.0,94.0,3.0,5.0,80.0,main.py,bfe1b5d7ea9186374971062d77ddd3a65ac0a65d,21.1,8.087665557861328,"https://ui.neptune.ai/ygorcanalli/LabelNoise/e/LAB-504
"
75,2021-04-06 07:52:33.578000+00:00,,meriadoc,LAB-565,2021-04-06 07:56:24.224000+00:00,synthetic-100-5-500K-uniform-[0.3],ygorcanalli,2021-04-06 07:56:20.074000+00:00,226.484,4806846.0,idle,fix-hyperparameters,0.6435989141464233,1.0050780773162842,0.6435989141464233,1.0050780773162842,0.6480374932289124,0.9998548626899719,0.9131100177764893,0.47339683771133423,32.0,synthetic-100-5-500K,20.0,None,None,simple-mlp,uniform,0.3,boot-hard,_________________________________________________________________,0.004248038674119314,26.0,80.0,,2.0,5.0,100.0,main.py,bfe1b5d7ea9186374971062d77ddd3a65ac0a65d,18.5,10.881492614746094,"https://ui.neptune.ai/ygorcanalli/LabelNoise/e/LAB-565
"
76,2021-04-06 03:51:12.853000+00:00,,meriadoc,LAB-468,2021-04-06 03:51:50.307000+00:00,synthetic-50-2-100K-uniform-[0.05],ygorcanalli,2021-04-06 03:51:44.377000+00:00,31.522,966121.0,idle,fix-hyperparameters,0.9160781502723694,0.2560166120529175,0.9160781502723694,0.2560166120529175,0.906374990940094,0.2907101809978485,0.9486500024795532,0.16255581378936768,32.0,synthetic-50-2-100K,20.0,None,None,simple-mlp,uniform,0.05,none,_________________________________________________________________,0.005073702428942628,82.0,84.0,13.0,3.0,2.0,50.0,main.py,bfe1b5d7ea9186374971062d77ddd3a65ac0a65d,23.6,6.615867614746094,"https://ui.neptune.ai/ygorcanalli/LabelNoise/e/LAB-468
"
77,2021-04-06 04:01:51.959000+00:00,,meriadoc,LAB-483,2021-04-06 04:02:29.487000+00:00,synthetic-50-2-100K-uniform-[0.2],ygorcanalli,2021-04-06 04:02:23.496000+00:00,31.535,966121.0,idle,fix-hyperparameters,0.775390625,0.506672739982605,0.775390625,0.506672739982605,0.7613124847412109,0.555683970451355,0.9243999719619751,0.3214104175567627,32.0,synthetic-50-2-100K,20.0,None,None,simple-mlp,uniform,0.2,none,_________________________________________________________________,0.005073702428942628,82.0,84.0,13.0,3.0,2.0,50.0,main.py,bfe1b5d7ea9186374971062d77ddd3a65ac0a65d,24.6,6.872718811035156,"https://ui.neptune.ai/ygorcanalli/LabelNoise/e/LAB-483
"
78,2021-04-06 05:00:56.099000+00:00,,meriadoc,LAB-523,2021-04-06 05:02:20.120000+00:00,synthetic-80-5-200K-uniform-[0.25],ygorcanalli,2021-04-06 05:02:18.791000+00:00,82.687,1926361.0,idle,fix-hyperparameters,0.5888749957084656,1.179413914680481,0.5888749957084656,1.179413914680481,0.660031259059906,1.0882991552352905,0.8647000193595886,0.6339440941810608,32.0,synthetic-80-5-200K,20.0,None,None,simple-mlp,uniform,0.25,none,_________________________________________________________________,0.17542437598233224,58.0,47.0,94.0,3.0,5.0,80.0,main.py,bfe1b5d7ea9186374971062d77ddd3a65ac0a65d,20.9,8.257068634033203,"https://ui.neptune.ai/ygorcanalli/LabelNoise/e/LAB-523
"
79,2021-04-06 06:57:33.202000+00:00,,meriadoc,LAB-551,2021-04-06 07:01:19.623000+00:00,synthetic-100-5-500K-uniform-[0.15],ygorcanalli,2021-04-06 07:01:09.286000+00:00,216.075,4806846.0,idle,fix-hyperparameters,0.7965399622917175,0.7432349324226379,0.7965399622917175,0.7432349324226379,0.799037516117096,0.7349712252616882,0.9351000189781189,0.31459546089172363,32.0,synthetic-100-5-500K,20.0,"[array([[0.85  , 0.0375, 0.0375, 0.0375, 0.0375],
       [0.0375, 0.85  , 0.0375, 0.0375, 0.0375],
       [0.0375, 0.0375, 0.85  , 0.0375, 0.0375],
       [0.0375, 0.0375, 0.0375, 0.85  , 0.0375],
       [0.0375, 0.0375, 0.0375, 0.0375, 0.85  ]])]",None,simple-mlp,uniform,0.15,forward,_________________________________________________________________,0.004248038674119314,26.0,80.0,,2.0,5.0,100.0,main.py,bfe1b5d7ea9186374971062d77ddd3a65ac0a65d,18.6,10.693099975585938,"https://ui.neptune.ai/ygorcanalli/LabelNoise/e/LAB-551
"
80,2021-04-06 06:02:19.753000+00:00,,meriadoc,LAB-537,2021-04-06 06:06:01.553000+00:00,synthetic-100-5-500K-uniform-[0],ygorcanalli,2021-04-06 06:05:55.928000+00:00,216.164,4806846.0,idle,fix-hyperparameters,0.9443842172622681,0.20186635851860046,0.9443842172622681,0.20186635851860046,0.9508125185966492,0.1865880787372589,0.948889970779419,0.18834657967090607,32.0,synthetic-100-5-500K,20.0,"[array([[1., 0., 0., 0., 0.],
       [0., 1., 0., 0., 0.],
       [0., 0., 1., 0., 0.],
       [0., 0., 0., 1., 0.],
       [0., 0., 0., 0., 1.]])]",None,simple-mlp,uniform,0.0,backward,_________________________________________________________________,0.004248038674119314,26.0,80.0,,2.0,5.0,100.0,main.py,bfe1b5d7ea9186374971062d77ddd3a65ac0a65d,19.0,10.161705017089844,"https://ui.neptune.ai/ygorcanalli/LabelNoise/e/LAB-537
"
81,2021-04-06 04:10:54.901000+00:00,,meriadoc,LAB-496,2021-04-06 04:11:31.736000+00:00,synthetic-50-2-100K-uniform-[0.3],ygorcanalli,2021-04-06 04:11:26.449000+00:00,31.546,966121.0,idle,fix-hyperparameters,0.7008906006813049,0.6062477231025696,0.7008906006813049,0.6062477231025696,0.6519374847412109,0.6440180540084839,0.8791000247001648,0.45545801520347595,32.0,synthetic-50-2-100K,20.0,"[array([[0.7, 0.3],
       [0.3, 0.7]])]",None,simple-mlp,uniform,0.3,forward,_________________________________________________________________,0.005073702428942628,82.0,84.0,13.0,3.0,2.0,50.0,main.py,bfe1b5d7ea9186374971062d77ddd3a65ac0a65d,24.4,7.031131744384766,"https://ui.neptune.ai/ygorcanalli/LabelNoise/e/LAB-496
"
82,2021-04-06 07:33:05.668000+00:00,,meriadoc,LAB-560,2021-04-06 07:36:52.134000+00:00,synthetic-100-5-500K-uniform-[0.25],ygorcanalli,2021-04-06 07:36:41.823000+00:00,216.145,4806846.0,idle,fix-hyperparameters,0.6911209225654602,0.9114937782287598,0.6911209225654602,0.9114937782287598,0.6947125196456909,0.9085251688957214,0.9202799797058105,0.43757539987564087,32.0,synthetic-100-5-500K,20.0,None,None,simple-mlp,uniform,0.25,boot-hard,_________________________________________________________________,0.004248038674119314,26.0,80.0,,2.0,5.0,100.0,main.py,bfe1b5d7ea9186374971062d77ddd3a65ac0a65d,19.2,10.843048095703125,"https://ui.neptune.ai/ygorcanalli/LabelNoise/e/LAB-560
"
83,2021-04-06 04:08:51.059000+00:00,,meriadoc,LAB-493,2021-04-06 04:09:29.970000+00:00,synthetic-50-2-100K-uniform-[0.3],ygorcanalli,2021-04-06 04:09:22.545000+00:00,31.485,966121.0,idle,fix-hyperparameters,0.6918125152587891,0.5940729975700378,0.6918125152587891,0.5940729975700378,0.6394374966621399,0.6728007793426514,0.8481500148773193,0.4580253064632416,32.0,synthetic-50-2-100K,20.0,None,None,simple-mlp,uniform,0.3,none,_________________________________________________________________,0.005073702428942628,82.0,84.0,13.0,3.0,2.0,50.0,main.py,bfe1b5d7ea9186374971062d77ddd3a65ac0a65d,24.3,7.009185791015625,"https://ui.neptune.ai/ygorcanalli/LabelNoise/e/LAB-493
"
84,2021-04-06 04:01:04.683000+00:00,,meriadoc,LAB-482,2021-04-06 04:01:43.691000+00:00,synthetic-50-2-100K-uniform-[0.15],ygorcanalli,2021-04-06 04:01:36.168000+00:00,31.483,966121.0,idle,fix-hyperparameters,0.8042812347412109,-0.11825558543205261,0.8042812347412109,-0.11825558543205261,0.7866874933242798,0.2560293972492218,0.9017999768257141,-1.2913726568222046,32.0,synthetic-50-2-100K,20.0,"[array([[0.85, 0.15],
       [0.15, 0.85]])]",None,simple-mlp,uniform,0.15,backward,_________________________________________________________________,0.005073702428942628,82.0,84.0,13.0,3.0,2.0,50.0,main.py,bfe1b5d7ea9186374971062d77ddd3a65ac0a65d,20.3,6.7769622802734375,"https://ui.neptune.ai/ygorcanalli/LabelNoise/e/LAB-482
"
85,2021-04-06 04:29:12.153000+00:00,,meriadoc,LAB-502,2021-04-06 04:30:34.303000+00:00,synthetic-80-5-200K-uniform-[0],ygorcanalli,2021-04-06 04:30:24.595000+00:00,72.438,1926361.0,idle,fix-hyperparameters,0.781125009059906,0.591400682926178,0.781125009059906,0.591400682926178,0.8921250104904175,0.34704136848449707,0.8892499804496765,0.3478268086910248,32.0,synthetic-80-5-200K,20.0,"[array([[1., 0., 0., 0., 0.],
       [0., 1., 0., 0., 0.],
       [0., 0., 1., 0., 0.],
       [0., 0., 0., 1., 0.],
       [0., 0., 0., 0., 1.]])]",None,simple-mlp,uniform,0.0,backward,_________________________________________________________________,0.17542437598233224,58.0,47.0,94.0,3.0,5.0,80.0,main.py,bfe1b5d7ea9186374971062d77ddd3a65ac0a65d,20.8,7.988834381103516,"https://ui.neptune.ai/ygorcanalli/LabelNoise/e/LAB-502
"
86,2021-04-06 07:01:22.959000+00:00,,meriadoc,LAB-552,2021-04-06 07:05:07.137000+00:00,synthetic-100-5-500K-uniform-[0.15],ygorcanalli,2021-04-06 07:04:59.097000+00:00,216.129,4806846.0,idle,fix-hyperparameters,0.7809993028640747,0.24808233976364136,0.7809993028640747,0.24808233976364136,0.7861624956130981,0.25918078422546387,0.920199990272522,-1.188762903213501,32.0,synthetic-100-5-500K,20.0,"[array([[0.85  , 0.0375, 0.0375, 0.0375, 0.0375],
       [0.0375, 0.85  , 0.0375, 0.0375, 0.0375],
       [0.0375, 0.0375, 0.85  , 0.0375, 0.0375],
       [0.0375, 0.0375, 0.0375, 0.85  , 0.0375],
       [0.0375, 0.0375, 0.0375, 0.0375, 0.85  ]])]",None,simple-mlp,uniform,0.15,backward,_________________________________________________________________,0.004248038674119314,26.0,80.0,,2.0,5.0,100.0,main.py,bfe1b5d7ea9186374971062d77ddd3a65ac0a65d,18.8,10.72210693359375,"https://ui.neptune.ai/ygorcanalli/LabelNoise/e/LAB-552
"
87,2021-04-06 03:59:34.317000+00:00,,meriadoc,LAB-480,2021-04-06 04:00:14.997000+00:00,synthetic-50-2-100K-uniform-[0.15],ygorcanalli,2021-04-06 04:00:05.809000+00:00,31.491,966121.0,idle,fix-hyperparameters,0.8215937614440918,0.3945535719394684,0.8215937614440918,0.3945535719394684,0.8109375238418579,0.43054109811782837,0.9391000270843506,0.20864446461200714,32.0,synthetic-50-2-100K,20.0,None,None,simple-mlp,uniform,0.15,boot-hard,_________________________________________________________________,0.005073702428942628,82.0,84.0,13.0,3.0,2.0,50.0,main.py,bfe1b5d7ea9186374971062d77ddd3a65ac0a65d,20.1,6.7645111083984375,"https://ui.neptune.ai/ygorcanalli/LabelNoise/e/LAB-480
"
88,2021-04-06 05:47:03.116000+00:00,,meriadoc,LAB-533,2021-04-06 05:50:42.418000+00:00,synthetic-100-5-500K-uniform-[0],ygorcanalli,2021-04-06 05:50:39.325000+00:00,216.198,4806798.0,idle,fix-hyperparameters,0.9440842270851135,0.20292848348617554,0.9440842270851135,0.20292848348617554,0.9482874870300293,0.19031082093715668,0.9482499957084656,0.1924924999475479,32.0,synthetic-100-5-500K,20.0,None,None,simple-mlp,uniform,0.0,none,_________________________________________________________________,0.004248038674119314,26.0,80.0,,2.0,5.0,100.0,main.py,bfe1b5d7ea9186374971062d77ddd3a65ac0a65d,19.9,10.259109497070312,"https://ui.neptune.ai/ygorcanalli/LabelNoise/e/LAB-533
"
89,2021-04-06 06:53:39.965000+00:00,,meriadoc,LAB-550,2021-04-06 06:57:29.288000+00:00,synthetic-100-5-500K-uniform-[0.15],ygorcanalli,2021-04-06 06:57:26.325000+00:00,226.348,4806846.0,idle,fix-hyperparameters,0.7869243621826172,0.6917513012886047,0.7869243621826172,0.6917513012886047,0.7922750115394592,0.684020459651947,0.9282699823379517,0.31174588203430176,32.0,synthetic-100-5-500K,20.0,None,None,simple-mlp,uniform,0.15,boot-hard,_________________________________________________________________,0.004248038674119314,26.0,80.0,,2.0,5.0,100.0,main.py,bfe1b5d7ea9186374971062d77ddd3a65ac0a65d,18.6,10.510734558105469,"https://ui.neptune.ai/ygorcanalli/LabelNoise/e/LAB-550
"
90,2021-04-06 07:21:08.399000+00:00,,meriadoc,LAB-557,2021-04-06 07:24:53.051000+00:00,synthetic-100-5-500K-uniform-[0.2],ygorcanalli,2021-04-06 07:24:44.580000+00:00,216.169,4806846.0,idle,fix-hyperparameters,0.7273585200309753,0.2631540894508362,0.7273585200309753,0.2631540894508362,0.7325624823570251,0.31877997517585754,0.9111700057983398,-1.9453784227371216,32.0,synthetic-100-5-500K,20.0,"[array([[0.8 , 0.05, 0.05, 0.05, 0.05],
       [0.05, 0.8 , 0.05, 0.05, 0.05],
       [0.05, 0.05, 0.8 , 0.05, 0.05],
       [0.05, 0.05, 0.05, 0.8 , 0.05],
       [0.05, 0.05, 0.05, 0.05, 0.8 ]])]",None,simple-mlp,uniform,0.2,backward,_________________________________________________________________,0.004248038674119314,26.0,80.0,,2.0,5.0,100.0,main.py,bfe1b5d7ea9186374971062d77ddd3a65ac0a65d,18.5,10.785587310791016,"https://ui.neptune.ai/ygorcanalli/LabelNoise/e/LAB-557
"
91,2021-04-06 04:54:48.815000+00:00,,meriadoc,LAB-519,2021-04-06 04:56:13.686000+00:00,synthetic-80-5-200K-uniform-[0.2],ygorcanalli,2021-04-06 04:56:11.523000+00:00,82.704,1926361.0,idle,fix-hyperparameters,0.6227421760559082,1.0993456840515137,0.6227421760559082,1.0993456840515137,0.698843777179718,0.9927169680595398,0.8608750104904175,0.5895649194717407,32.0,synthetic-80-5-200K,20.0,None,None,simple-mlp,uniform,0.2,boot-soft,_________________________________________________________________,0.17542437598233224,58.0,47.0,94.0,3.0,5.0,80.0,main.py,bfe1b5d7ea9186374971062d77ddd3a65ac0a65d,20.9,8.268035888671875,"https://ui.neptune.ai/ygorcanalli/LabelNoise/e/LAB-519
"
92,2021-04-06 06:22:04.201000+00:00,,meriadoc,LAB-542,2021-04-06 06:25:48.540000+00:00,synthetic-100-5-500K-uniform-[0.05],ygorcanalli,2021-04-06 06:25:40.362000+00:00,216.15,4806846.0,idle,fix-hyperparameters,0.8866996169090271,0.23099285364151,0.8866996169090271,0.23099285364151,0.8919749855995178,0.2185279279947281,0.9390900135040283,-0.21192218363285065,32.0,synthetic-100-5-500K,20.0,"[array([[0.95  , 0.0125, 0.0125, 0.0125, 0.0125],
       [0.0125, 0.95  , 0.0125, 0.0125, 0.0125],
       [0.0125, 0.0125, 0.95  , 0.0125, 0.0125],
       [0.0125, 0.0125, 0.0125, 0.95  , 0.0125],
       [0.0125, 0.0125, 0.0125, 0.0125, 0.95  ]])]",None,simple-mlp,uniform,0.05,backward,_________________________________________________________________,0.004248038674119314,26.0,80.0,,2.0,5.0,100.0,main.py,bfe1b5d7ea9186374971062d77ddd3a65ac0a65d,18.5,10.294811248779297,"https://ui.neptune.ai/ygorcanalli/LabelNoise/e/LAB-542
"
93,2021-04-06 05:58:27.673000+00:00,,meriadoc,LAB-536,2021-04-06 06:02:15.424000+00:00,synthetic-100-5-500K-uniform-[0],ygorcanalli,2021-04-06 06:02:14.255000+00:00,226.569,4806846.0,idle,fix-hyperparameters,0.9468467235565186,0.19442665576934814,0.9468467235565186,0.19442665576934814,0.952412486076355,0.177677184343338,0.952709972858429,0.18016687035560608,32.0,synthetic-100-5-500K,20.0,"[array([[1., 0., 0., 0., 0.],
       [0., 1., 0., 0., 0.],
       [0., 0., 1., 0., 0.],
       [0., 0., 0., 1., 0.],
       [0., 0., 0., 0., 1.]])]",None,simple-mlp,uniform,0.0,forward,_________________________________________________________________,0.004248038674119314,26.0,80.0,,2.0,5.0,100.0,main.py,bfe1b5d7ea9186374971062d77ddd3a65ac0a65d,20.1,10.048778533935547,"https://ui.neptune.ai/ygorcanalli/LabelNoise/e/LAB-536
"
94,2021-04-06 04:24:46.268000+00:00,,meriadoc,LAB-499,2021-04-06 04:26:11.213000+00:00,synthetic-80-5-200K-uniform-[0],ygorcanalli,2021-04-06 04:26:08.982000+00:00,82.71,1926361.0,idle,fix-hyperparameters,0.7792500257492065,0.5957134962081909,0.7792500257492065,0.5957134962081909,0.8916249871253967,0.3495798110961914,0.8903999924659729,0.3487373888492584,32.0,synthetic-80-5-200K,20.0,None,None,simple-mlp,uniform,0.0,boot-soft,_________________________________________________________________,0.17542437598233224,58.0,47.0,94.0,3.0,5.0,80.0,main.py,bfe1b5d7ea9186374971062d77ddd3a65ac0a65d,21.4,7.839199066162109,"https://ui.neptune.ai/ygorcanalli/LabelNoise/e/LAB-499
"
95,2021-04-06 03:49:03.493000+00:00,,meriadoc,LAB-465,2021-04-06 03:49:41.789000+00:00,synthetic-50-2-100K-uniform-[0],ygorcanalli,2021-04-06 03:49:35.172000+00:00,31.678,966121.0,idle,fix-hyperparameters,0.9676250219345093,0.08471635729074478,0.9676250219345093,0.08471635729074478,0.9610000252723694,0.09571433067321777,0.9599499702453613,0.10596735775470734,32.0,synthetic-50-2-100K,20.0,None,None,simple-mlp,uniform,0.0,boot-hard,_________________________________________________________________,0.005073702428942628,82.0,84.0,13.0,3.0,2.0,50.0,main.py,bfe1b5d7ea9186374971062d77ddd3a65ac0a65d,24.2,6.5469207763671875,"https://ui.neptune.ai/ygorcanalli/LabelNoise/e/LAB-465
"
96,2021-04-06 04:23:19.860000+00:00,,meriadoc,LAB-498,2021-04-06 04:24:43.080000+00:00,synthetic-80-5-200K-uniform-[0],ygorcanalli,2021-04-06 04:24:42.664000+00:00,82.799,1926361.0,idle,fix-hyperparameters,0.7813515663146973,0.5923822522163391,0.7813515663146973,0.5923822522163391,0.8884687423706055,0.35133689641952515,0.8876749873161316,0.3508825898170471,32.0,synthetic-80-5-200K,20.0,None,None,simple-mlp,uniform,0.0,none,_________________________________________________________________,0.17542437598233224,58.0,47.0,94.0,3.0,5.0,80.0,main.py,bfe1b5d7ea9186374971062d77ddd3a65ac0a65d,21.6,7.771697998046875,"https://ui.neptune.ai/ygorcanalli/LabelNoise/e/LAB-498
"
97,2021-04-06 04:41:15.541000+00:00,,meriadoc,LAB-510,2021-04-06 04:42:42.054000+00:00,synthetic-80-5-200K-uniform-[0.1],ygorcanalli,2021-04-06 04:42:38.320000+00:00,82.773,1926361.0,idle,fix-hyperparameters,0.7007265686988831,0.7910827994346619,0.7007265686988831,0.7910827994346619,0.793343722820282,0.6282114386558533,0.8761500120162964,0.38780343532562256,32.0,synthetic-80-5-200K,20.0,None,None,simple-mlp,uniform,0.1,boot-hard,_________________________________________________________________,0.17542437598233224,58.0,47.0,94.0,3.0,5.0,80.0,main.py,bfe1b5d7ea9186374971062d77ddd3a65ac0a65d,21.4,8.199512481689453,"https://ui.neptune.ai/ygorcanalli/LabelNoise/e/LAB-510
"
98,2021-04-06 04:53:22.921000+00:00,,meriadoc,LAB-518,2021-04-06 04:54:45.699000+00:00,synthetic-80-5-200K-uniform-[0.2],ygorcanalli,2021-04-06 04:54:35.474000+00:00,72.549,1926361.0,idle,fix-hyperparameters,0.6214531064033508,1.1038392782211304,0.6214531064033508,1.1038392782211304,0.6969375014305115,0.9919111728668213,0.8611249923706055,0.5810579657554626,32.0,synthetic-80-5-200K,20.0,None,None,simple-mlp,uniform,0.2,none,_________________________________________________________________,0.17542437598233224,58.0,47.0,94.0,3.0,5.0,80.0,main.py,bfe1b5d7ea9186374971062d77ddd3a65ac0a65d,21.2,8.271114349365234,"https://ui.neptune.ai/ygorcanalli/LabelNoise/e/LAB-518
"
99,2021-04-06 04:35:13.591000+00:00,,meriadoc,LAB-506,2021-04-06 04:36:40.497000+00:00,synthetic-80-5-200K-uniform-[0.05],ygorcanalli,2021-04-06 04:36:36.457000+00:00,82.861,1926361.0,idle,fix-hyperparameters,0.7411171793937683,0.7474513649940491,0.7411171793937683,0.7474513649940491,0.844656229019165,0.5396634936332703,0.8871999979019165,0.38282519578933716,32.0,synthetic-80-5-200K,20.0,"[array([[0.95  , 0.0125, 0.0125, 0.0125, 0.0125],
       [0.0125, 0.95  , 0.0125, 0.0125, 0.0125],
       [0.0125, 0.0125, 0.95  , 0.0125, 0.0125],
       [0.0125, 0.0125, 0.0125, 0.95  , 0.0125],
       [0.0125, 0.0125, 0.0125, 0.0125, 0.95  ]])]",None,simple-mlp,uniform,0.05,forward,_________________________________________________________________,0.17542437598233224,58.0,47.0,94.0,3.0,5.0,80.0,main.py,bfe1b5d7ea9186374971062d77ddd3a65ac0a65d,21.2,8.105396270751953,"https://ui.neptune.ai/ygorcanalli/LabelNoise/e/LAB-506
"
100,2021-04-06 04:02:32.594000+00:00,,meriadoc,LAB-484,2021-04-06 04:03:09.713000+00:00,synthetic-50-2-100K-uniform-[0.2],ygorcanalli,2021-04-06 04:03:04.172000+00:00,31.576,966121.0,idle,fix-hyperparameters,0.775390625,0.506012499332428,0.775390625,0.506012499332428,0.7494375109672546,0.5598577857017517,0.911549985408783,0.3409718871116638,32.0,synthetic-50-2-100K,20.0,None,None,simple-mlp,uniform,0.2,boot-soft,_________________________________________________________________,0.005073702428942628,82.0,84.0,13.0,3.0,2.0,50.0,main.py,bfe1b5d7ea9186374971062d77ddd3a65ac0a65d,24.7,6.892795562744141,"https://ui.neptune.ai/ygorcanalli/LabelNoise/e/LAB-484
"
101,2021-04-06 04:48:47.093000+00:00,,meriadoc,LAB-515,2021-04-06 04:50:11+00:00,synthetic-80-5-200K-uniform-[0.15],ygorcanalli,2021-04-06 04:50:09.729000+00:00,82.633,1926361.0,idle,fix-hyperparameters,0.6582109332084656,0.8897334933280945,0.6582109332084656,0.8897334933280945,0.7435312271118164,0.7477360367774963,0.8696749806404114,0.43195977807044983,32.0,synthetic-80-5-200K,20.0,None,None,simple-mlp,uniform,0.15,boot-hard,_________________________________________________________________,0.17542437598233224,58.0,47.0,94.0,3.0,5.0,80.0,main.py,bfe1b5d7ea9186374971062d77ddd3a65ac0a65d,21.4,8.247261047363281,"https://ui.neptune.ai/ygorcanalli/LabelNoise/e/LAB-515
"
102,2021-04-06 03:53:17.049000+00:00,,meriadoc,LAB-471,2021-04-06 03:53:54.952000+00:00,synthetic-50-2-100K-uniform-[0.05],ygorcanalli,2021-04-06 03:53:48.588000+00:00,31.538,966121.0,idle,fix-hyperparameters,0.9184374809265137,0.2568475008010864,0.9184374809265137,0.2568475008010864,0.9049999713897705,0.2839965224266052,0.9487500190734863,0.16090980172157288,32.0,synthetic-50-2-100K,20.0,"[array([[0.95, 0.05],
       [0.05, 0.95]])]",None,simple-mlp,uniform,0.05,forward,_________________________________________________________________,0.005073702428942628,82.0,84.0,13.0,3.0,2.0,50.0,main.py,bfe1b5d7ea9186374971062d77ddd3a65ac0a65d,23.9,6.688869476318359,"https://ui.neptune.ai/ygorcanalli/LabelNoise/e/LAB-471
"
103,2021-04-06 03:56:44.916000+00:00,,meriadoc,LAB-476,2021-04-06 03:57:23.321000+00:00,synthetic-50-2-100K-uniform-[0.1],ygorcanalli,2021-04-06 03:57:16.291000+00:00,31.372,966121.0,idle,fix-hyperparameters,0.870843768119812,0.3677365183830261,0.870843768119812,0.3677365183830261,0.8579999804496765,0.388812780380249,0.9449499845504761,0.20699621737003326,32.0,synthetic-50-2-100K,20.0,"[array([[0.9, 0.1],
       [0.1, 0.9]])]",None,simple-mlp,uniform,0.1,forward,_________________________________________________________________,0.005073702428942628,82.0,84.0,13.0,3.0,2.0,50.0,main.py,bfe1b5d7ea9186374971062d77ddd3a65ac0a65d,23.7,6.789031982421875,"https://ui.neptune.ai/ygorcanalli/LabelNoise/e/LAB-476
"
104,2021-04-06 04:11:34.778000+00:00,,meriadoc,LAB-497,2021-04-06 04:12:12.829000+00:00,synthetic-50-2-100K-uniform-[0.3],ygorcanalli,2021-04-06 04:12:06.247000+00:00,31.468,966121.0,idle,fix-hyperparameters,0.6778437495231628,-0.7820813059806824,0.6778437495231628,-0.7820813059806824,0.6290624737739563,0.786915123462677,0.8159999847412109,-4.508640766143799,32.0,synthetic-50-2-100K,20.0,"[array([[0.7, 0.3],
       [0.3, 0.7]])]",None,simple-mlp,uniform,0.3,backward,_________________________________________________________________,0.005073702428942628,82.0,84.0,13.0,3.0,2.0,50.0,main.py,bfe1b5d7ea9186374971062d77ddd3a65ac0a65d,23.4,7.021846771240234,"https://ui.neptune.ai/ygorcanalli/LabelNoise/e/LAB-497
"
