,sys/creation_time,sys/description,sys/hostname,sys/id,sys/modification_time,sys/name,sys/owner,sys/ping_time,sys/running_time,sys/size,sys/state,sys/tags,metrics/batch/accuracy,metrics/batch/loss,metrics/epoch/accuracy,metrics/epoch/loss,metrics/epoch/val_accuracy,metrics/epoch/val_loss,metrics/eval_accuracy,metrics/eval_loss,model/params/batch-size,model/params/dataset,model/params/epochs,model/params/loss-args,model/params/loss-kwargs,model/params/model,model/params/noise,model/params/noise-args,model/params/robust-method,model_summary,parameters/hyperparameters/dropout,parameters/hyperparameters/hidden_size_0,parameters/hyperparameters/hidden_size_1,parameters/hyperparameters/hidden_size_2,parameters/hyperparameters/num_layers,parameters/num-classes,parameters/num-features,source_code/entrypoint,source_code/git,monitoring/cpu,monitoring/gpu,monitoring/gpu_memory,monitoring/memory,monitoring/stdout
0,2021-04-04 22:31:20.055000+00:00,,meriadoc,LAB-423,2021-04-04 22:35:41.063000+00:00,synthetic-100-5-500K-uniform-[0.05],ygorcanalli,2021-04-04 22:35:37.510000+00:00,257.439,4808390.0,idle,hyperparameter-rerun,0.8971496820449829,0.41941049695014954,0.8971496820449829,0.41941049695014954,0.9014875292778015,0.4137980341911316,0.9489799737930298,0.2090037763118744,32.0,synthetic-100-5-500K,20.0,None,None,simple-mlp,uniform,0.05,boot-soft,_________________________________________________________________,0.011758307824899263,92.0,55.0,24.0,3.0,5.0,100.0,main.py,0f0b3e1dca1ee35dbc055f5a45002c97adf5a273,26.4,8.0,5.68768310546875,11.029407501220703,"https://ui.neptune.ai/ygorcanalli/LabelNoise/e/LAB-423
"
1,2021-04-02 22:37:10.263000+00:00,,meriadoc,LAB-368,2021-04-02 22:37:23.442000+00:00,synthetic-50-2-100K-uniform-[0.3],ygorcanalli,2021-04-02 22:37:21.276000+00:00,11.012,244885.0,idle,hyperparameter-rerun,0.6243906021118164,0.653945803642273,0.6243906021118164,0.653945803642273,0.6346874833106995,0.6504440307617188,0.8385999798774719,0.5253153443336487,128.0,synthetic-50-2-100K,20.0,None,None,simple-mlp,uniform,0.3,none,_________________________________________________________________,0.19427086695213816,9.0,39.0,,2.0,2.0,50.0,main.py,877f5f997285690780c2e680ad9997a98baaf159,23.0,,,10.144954681396484,"https://ui.neptune.ai/ygorcanalli/LabelNoise/e/LAB-368
"
2,2021-04-04 17:27:49.070000+00:00,,meriadoc,LAB-411,2021-04-04 17:29:26.729000+00:00,synthetic-80-5-200K-uniform-[0.3],ygorcanalli,2021-04-04 17:29:22.311000+00:00,93.237,1926275.0,idle,hyperparameter-rerun,0.6187577843666077,1.1597145795822144,0.6187577843666077,1.1597145795822144,0.6227499842643738,1.1640572547912598,0.8736749887466431,0.6312488317489624,32.0,synthetic-80-5-200K,20.0,None,None,simple-mlp,uniform,0.3,none,_________________________________________________________________,0.015256373949917235,42.0,31.0,59.0,3.0,5.0,80.0,main.py,0f0b3e1dca1ee35dbc055f5a45002c97adf5a273,19.5,,,6.535911560058594,"https://ui.neptune.ai/ygorcanalli/LabelNoise/e/LAB-411
"
3,2021-04-04 17:10:07.670000+00:00,,meriadoc,LAB-405,2021-04-04 17:11:18.658000+00:00,synthetic-80-5-200K-uniform-[0.2],ygorcanalli,2021-04-04 17:10:49.525000+00:00,41.854,1926035.0,idle,hyperparameter-rerun,0.7017109394073486,0.8480958342552185,0.7017109394073486,0.8480958342552185,0.7120624780654907,0.8393115997314453,0.8844249844551086,0.42477700114250183,32.0,synthetic-80-5-200K,20.0,None,None,simple-mlp,uniform,0.2,boot-hard,_________________________________________________________________,0.026776423190087197,53.0,36.0,19.0,3.0,5.0,80.0,main.py,0f0b3e1dca1ee35dbc055f5a45002c97adf5a273,35.8,,,9.647403717041016,"https://ui.neptune.ai/ygorcanalli/LabelNoise/e/LAB-405
"
4,2021-04-04 17:02:57.400000+00:00,,meriadoc,LAB-400,2021-04-04 17:04:04.442000+00:00,synthetic-80-5-200K-uniform-[0.15],ygorcanalli,2021-04-04 17:03:39.164000+00:00,41.763,1926037.0,idle,hyperparameter-rerun,0.6959843635559082,0.49803051352500916,0.6959843635559082,0.49803051352500916,0.7409687638282776,0.39377301931381226,0.864300012588501,-0.5357288718223572,32.0,synthetic-80-5-200K,20.0,"[[[0.85, 0.0375, 0.0375, 0.0375, 0.0375], [0.0375, 0.85, 0.0375, 0.0375, 0.0375], [0.0375, 0.0375, 0.85, 0.0375, 0.0375], [0.0375, 0.0375, 0.0375, 0.85, 0.0375], [0.0375, 0.0375, 0.0375, 0.0375, 0.85]]]",None,simple-mlp,uniform,0.15,backward,_________________________________________________________________,0.09492830740244246,78.0,45.0,15.0,3.0,5.0,80.0,main.py,0f0b3e1dca1ee35dbc055f5a45002c97adf5a273,36.0,,,9.223026275634766,"https://ui.neptune.ai/ygorcanalli/LabelNoise/e/LAB-400
"
5,2021-04-02 22:35:02.811000+00:00,,meriadoc,LAB-367,2021-04-02 22:35:15.893000+00:00,synthetic-50-2-100K-uniform-[0.25],ygorcanalli,2021-04-02 22:35:13.788000+00:00,10.976,245074.0,idle,hyperparameter-rerun,0.7008749842643738,0.11676488816738129,0.7008749842643738,0.11676488816738129,0.6989374756813049,0.19618040323257446,0.8844000101089478,-1.9596498012542725,128.0,synthetic-50-2-100K,20.0,"[[[0.75, 0.25], [0.25, 0.75]]]",None,simple-mlp,uniform,0.25,backward,_________________________________________________________________,0.02205830741944419,23.0,73.0,73.0,3.0,2.0,50.0,main.py,877f5f997285690780c2e680ad9997a98baaf159,25.9,,,10.0908203125,"https://ui.neptune.ai/ygorcanalli/LabelNoise/e/LAB-367
"
6,2021-04-04 21:48:49.752000+00:00,,meriadoc,LAB-419,2021-04-04 21:52:56.110000+00:00,synthetic-100-5-500K-uniform-[0.0],ygorcanalli,2021-04-04 21:52:46.587000+00:00,236.824,4808010.0,idle,hyperparameter-rerun,0.9323529005050659,0.20348885655403137,0.9323529005050659,0.20348885655403137,0.9476249814033508,0.1677825003862381,0.9475299715995789,0.16987748444080353,32.0,synthetic-100-5-500K,20.0,None,None,simple-mlp,uniform,0.0,boot-hard,_________________________________________________________________,0.01588930401726807,47.0,27.0,,2.0,5.0,100.0,main.py,0f0b3e1dca1ee35dbc055f5a45002c97adf5a273,28.6,18.0,5.69903564453125,10.013412475585938,"https://ui.neptune.ai/ygorcanalli/LabelNoise/e/LAB-419
"
7,2021-04-04 16:48:10.861000+00:00,,meriadoc,LAB-382,2021-04-04 16:49:15.073000+00:00,synthetic-80-5-200K-uniform-[0.05],ygorcanalli,2021-04-04 16:49:02.868000+00:00,52.004,1925897.0,idle,hyperparameter-rerun,0.7754921913146973,0.7016202807426453,0.7754921913146973,0.7016202807426453,0.8409687280654907,0.5683127641677856,0.8861500024795532,0.3876314163208008,32.0,synthetic-80-5-200K,20.0,None,None,simple-mlp,uniform,0.05,none,_________________________________________________________________,0.10545111640536789,18.0,107.0,,2.0,5.0,80.0,main.py,0f0b3e1dca1ee35dbc055f5a45002c97adf5a273,33.3,,,8.465339660644531,"https://ui.neptune.ai/ygorcanalli/LabelNoise/e/LAB-382
"
8,2021-04-05 01:38:39.062000+00:00,,meriadoc,LAB-439,2021-04-05 01:43:47.166000+00:00,synthetic-100-5-500K-uniform-[0.2],ygorcanalli,2021-04-05 01:43:37.440000+00:00,298.363,4808748.0,idle,hyperparameter-rerun,0.6395645141601562,0.9499315619468689,0.6395645141601562,0.9499315619468689,0.7210875153541565,0.821474015712738,0.8887699842453003,0.43467777967453003,32.0,synthetic-100-5-500K,20.0,None,None,simple-mlp,uniform,0.2,boot-hard,_________________________________________________________________,0.1803702866125946,54.0,36.0,28.0,3.0,5.0,100.0,main.py,0f0b3e1dca1ee35dbc055f5a45002c97adf5a273,26.6,11.0,5.6204833984375,13.624195098876953,"https://ui.neptune.ai/ygorcanalli/LabelNoise/e/LAB-439
"
9,2021-04-04 16:52:52.528000+00:00,,meriadoc,LAB-389,2021-04-04 16:54:06.635000+00:00,synthetic-80-5-200K-uniform-[0.05],ygorcanalli,2021-04-04 16:53:44.739000+00:00,52.209,1925897.0,idle,hyperparameter-rerun,0.7746875286102295,0.5195937752723694,0.7746875286102295,0.5195937752723694,0.8430312275886536,0.3526935279369354,0.8850499987602234,0.08125866949558258,32.0,synthetic-80-5-200K,20.0,"[[[0.95, 0.0125, 0.0125, 0.0125, 0.0125], [0.0125, 0.95, 0.0125, 0.0125, 0.0125], [0.0125, 0.0125, 0.95, 0.0125, 0.0125], [0.0125, 0.0125, 0.0125, 0.95, 0.0125], [0.0125, 0.0125, 0.0125, 0.0125, 0.95]]]",None,simple-mlp,uniform,0.05,backward,_________________________________________________________________,0.10545111640536789,18.0,107.0,,2.0,5.0,80.0,main.py,0f0b3e1dca1ee35dbc055f5a45002c97adf5a273,35.7,,,8.868892669677734,"https://ui.neptune.ai/ygorcanalli/LabelNoise/e/LAB-389
"
10,2021-04-05 05:16:18.357000+00:00,,meriadoc,LAB-449,2021-04-05 05:23:11.642000+00:00,synthetic-100-5-500K-uniform-[0.3],ygorcanalli,2021-04-05 05:23:10.434000+00:00,412.056,4809775.0,idle,hyperparameter-rerun,0.6193456649780273,1.0231654644012451,0.6193456649780273,1.0231654644012451,0.6466500163078308,0.9848200082778931,0.9152399897575378,0.4661101996898651,32.0,synthetic-100-5-500K,20.0,None,None,simple-mlp,uniform,0.3,boot-hard,_________________________________________________________________,0.06511415420278266,38.0,95.0,9.0,3.0,5.0,100.0,main.py,0f0b3e1dca1ee35dbc055f5a45002c97adf5a273,19.4,9.0,5.6651611328125,11.632305145263672,"https://ui.neptune.ai/ygorcanalli/LabelNoise/e/LAB-449
"
11,2021-04-04 17:31:11.477000+00:00,,meriadoc,LAB-413,2021-04-04 17:32:53.979000+00:00,synthetic-80-5-200K-uniform-[0.3],ygorcanalli,2021-04-04 17:32:44.730000+00:00,93.248,1926323.0,idle,hyperparameter-rerun,0.6203906536102295,1.018588662147522,0.6203906536102295,1.018588662147522,0.6240000128746033,1.0217087268829346,0.8740749955177307,0.49045097827911377,32.0,synthetic-80-5-200K,20.0,None,None,simple-mlp,uniform,0.3,boot-hard,_________________________________________________________________,0.015256373949917235,42.0,31.0,59.0,3.0,5.0,80.0,main.py,0f0b3e1dca1ee35dbc055f5a45002c97adf5a273,21.0,,,6.734317779541016,"https://ui.neptune.ai/ygorcanalli/LabelNoise/e/LAB-413
"
12,2021-04-04 17:07:54.596000+00:00,,meriadoc,LAB-402,2021-04-04 17:09:01.759000+00:00,synthetic-80-5-200K-uniform-[0.25],ygorcanalli,2021-04-04 17:08:36.431000+00:00,41.834,1925849.0,idle,hyperparameter-rerun,0.6402265429496765,1.1160718202590942,0.6402265429496765,1.1160718202590942,0.6553750038146973,1.1054091453552246,0.8691999912261963,0.6243326663970947,32.0,synthetic-80-5-200K,20.0,None,None,simple-mlp,uniform,0.25,none,_________________________________________________________________,0.042792853656392585,49.0,33.0,,2.0,5.0,80.0,main.py,0f0b3e1dca1ee35dbc055f5a45002c97adf5a273,33.8,,,9.578567504882812,"https://ui.neptune.ai/ygorcanalli/LabelNoise/e/LAB-402
"
13,2021-04-04 16:50:33.961000+00:00,,meriadoc,LAB-386,2021-04-04 16:51:46.197000+00:00,synthetic-80-5-200K-uniform-[0.0],ygorcanalli,2021-04-04 16:51:26.009000+00:00,52.045,1925899.0,idle,hyperparameter-rerun,0.9112421870231628,0.25005409121513367,0.9112421870231628,0.25005409121513367,0.9290000200271606,0.2065352499485016,0.928974986076355,0.2049688696861267,32.0,synthetic-80-5-200K,20.0,None,None,simple-mlp,uniform,0.0,boot-hard,_________________________________________________________________,0.023636697398932396,56.0,108.0,,2.0,5.0,80.0,main.py,0f0b3e1dca1ee35dbc055f5a45002c97adf5a273,31.7,,,8.760494232177734,"https://ui.neptune.ai/ygorcanalli/LabelNoise/e/LAB-386
"
14,2021-04-04 17:10:15.903000+00:00,,meriadoc,LAB-406,2021-04-04 17:11:19.065000+00:00,synthetic-80-5-200K-uniform-[0.25],ygorcanalli,2021-04-04 17:11:07.952000+00:00,52.047,1925897.0,idle,hyperparameter-rerun,0.6448671817779541,0.9811702966690063,0.6448671817779541,0.9811702966690063,0.6577500104904175,0.9691241383552551,0.8712999820709229,0.5150700211524963,32.0,synthetic-80-5-200K,20.0,None,None,simple-mlp,uniform,0.25,boot-hard,_________________________________________________________________,0.042792853656392585,49.0,33.0,,2.0,5.0,80.0,main.py,0f0b3e1dca1ee35dbc055f5a45002c97adf5a273,21.4,,,9.581275939941406,"https://ui.neptune.ai/ygorcanalli/LabelNoise/e/LAB-406
"
15,2021-04-02 22:27:45.086000+00:00,,meriadoc,LAB-354,2021-04-02 22:27:59.076000+00:00,synthetic-50-2-100K-uniform-[0.15],ygorcanalli,2021-04-02 22:27:56.142000+00:00,11.056,245074.0,idle,hyperparameter-rerun,0.7558749914169312,0.5307440161705017,0.7558749914169312,0.5307440161705017,0.796625018119812,0.4951850175857544,0.9142000079154968,0.3442121148109436,128.0,synthetic-50-2-100K,20.0,None,None,simple-mlp,uniform,0.15,boot-soft,_________________________________________________________________,0.17469943529651233,44.0,18.0,118.0,3.0,2.0,50.0,main.py,877f5f997285690780c2e680ad9997a98baaf159,24.5,,,9.745159149169922,"https://ui.neptune.ai/ygorcanalli/LabelNoise/e/LAB-354
"
16,2021-04-05 01:27:48.904000+00:00,,meriadoc,LAB-437,2021-04-05 01:33:01.666000+00:00,synthetic-100-5-500K-uniform-[0.2],ygorcanalli,2021-04-05 01:32:57.587000+00:00,308.669,4808844.0,idle,hyperparameter-rerun,0.6404613852500916,1.0740437507629395,0.6404613852500916,1.0740437507629395,0.7247999906539917,0.9358295202255249,0.8951900005340576,0.4957708716392517,32.0,synthetic-100-5-500K,20.0,None,None,simple-mlp,uniform,0.2,none,_________________________________________________________________,0.1803702866125946,54.0,36.0,28.0,3.0,5.0,100.0,main.py,0f0b3e1dca1ee35dbc055f5a45002c97adf5a273,25.4,9.0,5.62030029296875,13.612434387207031,"https://ui.neptune.ai/ygorcanalli/LabelNoise/e/LAB-437
"
17,2021-04-02 22:37:26.542000+00:00,,meriadoc,LAB-369,2021-04-02 22:37:39.697000+00:00,synthetic-50-2-100K-uniform-[0.3],ygorcanalli,2021-04-02 22:37:37.517000+00:00,10.974,244885.0,idle,hyperparameter-rerun,0.6273906230926514,0.6522064805030823,0.6273906230926514,0.6522064805030823,0.6389999985694885,0.6481985449790955,0.8479999899864197,0.5181257724761963,128.0,synthetic-50-2-100K,20.0,None,None,simple-mlp,uniform,0.3,boot-soft,_________________________________________________________________,0.19427086695213816,9.0,39.0,,2.0,2.0,50.0,main.py,877f5f997285690780c2e680ad9997a98baaf159,25.0,,,10.189029693603516,"https://ui.neptune.ai/ygorcanalli/LabelNoise/e/LAB-369
"
18,2021-04-04 16:58:14.918000+00:00,,meriadoc,LAB-392,2021-04-04 16:59:23.923000+00:00,synthetic-80-5-200K-uniform-[0.15],ygorcanalli,2021-04-04 16:58:56.711000+00:00,41.792,1926037.0,idle,hyperparameter-rerun,0.7096953392028809,0.9211181402206421,0.7096953392028809,0.9211181402206421,0.7600625157356262,0.8343138098716736,0.8880000114440918,0.4701329469680786,32.0,synthetic-80-5-200K,20.0,None,None,simple-mlp,uniform,0.15,none,_________________________________________________________________,0.09492830740244246,78.0,45.0,15.0,3.0,5.0,80.0,main.py,0f0b3e1dca1ee35dbc055f5a45002c97adf5a273,34.9,,,9.571842193603516,"https://ui.neptune.ai/ygorcanalli/LabelNoise/e/LAB-392
"
19,2021-04-05 00:27:43.351000+00:00,,meriadoc,LAB-432,2021-04-05 00:32:44.677000+00:00,synthetic-100-5-500K-uniform-[0.15],ygorcanalli,2021-04-05 00:32:41.798000+00:00,298.431,4808564.0,idle,hyperparameter-rerun,0.7269303798675537,0.895607590675354,0.7269303798675537,0.895607590675354,0.7860124707221985,0.8011690974235535,0.9200699925422668,0.38884398341178894,32.0,synthetic-100-5-500K,20.0,None,None,simple-mlp,uniform,0.15,none,_________________________________________________________________,0.11159796039782065,124.0,46.0,,2.0,5.0,100.0,main.py,0f0b3e1dca1ee35dbc055f5a45002c97adf5a273,28.3,8.0,5.61962890625,13.271110534667969,"https://ui.neptune.ai/ygorcanalli/LabelNoise/e/LAB-432
"
20,2021-04-05 00:49:16.900000+00:00,,meriadoc,LAB-436,2021-04-05 00:54:01.656000+00:00,synthetic-100-5-500K-uniform-[0.15],ygorcanalli,2021-04-05 00:53:54.857000+00:00,277.943,4808372.0,idle,hyperparameter-rerun,0.7181803584098816,0.433402955532074,0.7181803584098816,0.433402955532074,0.7725874781608582,0.31122198700904846,0.9021400213241577,-0.8023400902748108,32.0,synthetic-100-5-500K,20.0,"[[[0.85, 0.0375, 0.0375, 0.0375, 0.0375], [0.0375, 0.85, 0.0375, 0.0375, 0.0375], [0.0375, 0.0375, 0.85, 0.0375, 0.0375], [0.0375, 0.0375, 0.0375, 0.85, 0.0375], [0.0375, 0.0375, 0.0375, 0.0375, 0.85]]]",None,simple-mlp,uniform,0.15,backward,_________________________________________________________________,0.11159796039782065,124.0,46.0,,2.0,5.0,100.0,main.py,0f0b3e1dca1ee35dbc055f5a45002c97adf5a273,27.8,6.0,5.6201171875,13.171550750732422,"https://ui.neptune.ai/ygorcanalli/LabelNoise/e/LAB-436
"
21,2021-04-02 22:21:42.550000+00:00,,meriadoc,LAB-346,2021-04-02 22:21:56.490000+00:00,synthetic-50-2-100K-uniform-[0.05],ygorcanalli,2021-04-02 22:21:53.710000+00:00,11.159,244888.0,idle,hyperparameter-rerun,0.8531249761581421,0.36657682061195374,0.8531249761581421,0.36657682061195374,0.8921874761581421,0.304433673620224,0.9333000183105469,0.20684538781642914,128.0,synthetic-50-2-100K,20.0,"[[[0.95, 0.05], [0.05, 0.95]]]",None,simple-mlp,uniform,0.05,forward,_________________________________________________________________,0.12188035414808807,14.0,71.0,,2.0,2.0,50.0,main.py,877f5f997285690780c2e680ad9997a98baaf159,22.7,,,9.093746185302734,"https://ui.neptune.ai/ygorcanalli/LabelNoise/e/LAB-346
"
22,2021-04-05 00:43:56.142000+00:00,,meriadoc,LAB-435,2021-04-05 00:49:12.689000+00:00,synthetic-100-5-500K-uniform-[0.15],ygorcanalli,2021-04-05 00:49:04.897000+00:00,308.743,4808660.0,idle,hyperparameter-rerun,0.7292273044586182,0.8677668571472168,0.7292273044586182,0.8677668571472168,0.783424973487854,0.7685945630073547,0.917639970779419,0.3738490641117096,32.0,synthetic-100-5-500K,20.0,"[[[0.85, 0.0375, 0.0375, 0.0375, 0.0375], [0.0375, 0.85, 0.0375, 0.0375, 0.0375], [0.0375, 0.0375, 0.85, 0.0375, 0.0375], [0.0375, 0.0375, 0.0375, 0.85, 0.0375], [0.0375, 0.0375, 0.0375, 0.0375, 0.85]]]",None,simple-mlp,uniform,0.15,forward,_________________________________________________________________,0.11159796039782065,124.0,46.0,,2.0,5.0,100.0,main.py,0f0b3e1dca1ee35dbc055f5a45002c97adf5a273,26.2,11.0,5.61956787109375,12.958450317382812,"https://ui.neptune.ai/ygorcanalli/LabelNoise/e/LAB-435
"
23,2021-04-05 05:09:17.244000+00:00,,meriadoc,LAB-448,2021-04-05 05:16:14.432000+00:00,synthetic-100-5-500K-uniform-[0.3],ygorcanalli,2021-04-05 05:16:09.027000+00:00,411.76,4809775.0,idle,hyperparameter-rerun,0.6164644360542297,1.1688268184661865,0.6164644360542297,1.1688268184661865,0.6440874934196472,1.1339324712753296,0.9117100238800049,0.5640652179718018,32.0,synthetic-100-5-500K,20.0,None,None,simple-mlp,uniform,0.3,boot-soft,_________________________________________________________________,0.06511415420278266,38.0,95.0,9.0,3.0,5.0,100.0,main.py,0f0b3e1dca1ee35dbc055f5a45002c97adf5a273,19.7,7.0,5.6656494140625,11.19439697265625,"https://ui.neptune.ai/ygorcanalli/LabelNoise/e/LAB-448
"
24,2021-04-04 21:44:28.744000+00:00,,meriadoc,LAB-418,2021-04-04 21:48:43.023000+00:00,synthetic-100-5-500K-uniform-[0.0],ygorcanalli,2021-04-04 21:48:35.931000+00:00,247.175,4808082.0,idle,hyperparameter-rerun,0.9345060586929321,0.22670146822929382,0.9345060586929321,0.22670146822929382,0.949150025844574,0.18810153007507324,0.9484000205993652,0.1916763037443161,32.0,synthetic-100-5-500K,20.0,None,None,simple-mlp,uniform,0.0,boot-soft,_________________________________________________________________,0.01588930401726807,47.0,27.0,,2.0,5.0,100.0,main.py,0f0b3e1dca1ee35dbc055f5a45002c97adf5a273,31.0,16.0,5.705810546875,10.146110534667969,"https://ui.neptune.ai/ygorcanalli/LabelNoise/e/LAB-418
"
25,2021-04-04 16:53:04.294000+00:00,,meriadoc,LAB-390,2021-04-04 16:54:18.133000+00:00,synthetic-80-5-200K-uniform-[0.0],ygorcanalli,2021-04-04 16:53:46.325000+00:00,42.029,1925899.0,idle,hyperparameter-rerun,0.9093281030654907,0.2895154058933258,0.9093281030654907,0.2895154058933258,0.9254687428474426,0.24228715896606445,0.9244750142097473,0.24424362182617188,32.0,synthetic-80-5-200K,20.0,"[[[1.0, 0.0, 0.0, 0.0, 0.0], [0.0, 1.0, 0.0, 0.0, 0.0], [0.0, 0.0, 1.0, 0.0, 0.0], [0.0, 0.0, 0.0, 1.0, 0.0], [0.0, 0.0, 0.0, 0.0, 1.0]]]",None,simple-mlp,uniform,0.0,backward,_________________________________________________________________,0.023636697398932396,56.0,108.0,,2.0,5.0,80.0,main.py,0f0b3e1dca1ee35dbc055f5a45002c97adf5a273,23.0,,,8.767383575439453,"https://ui.neptune.ai/ygorcanalli/LabelNoise/e/LAB-390
"
26,2021-04-02 22:28:35.331000+00:00,,meriadoc,LAB-357,2021-04-02 22:28:48.634000+00:00,synthetic-50-2-100K-uniform-[0.15],ygorcanalli,2021-04-02 22:28:46.560000+00:00,11.229,245074.0,idle,hyperparameter-rerun,0.7498281002044678,0.3007054626941681,0.7498281002044678,0.3007054626941681,0.7903749942779541,0.2072480320930481,0.9028000235557556,-0.5665576457977295,128.0,synthetic-50-2-100K,20.0,"[[[0.85, 0.15], [0.15, 0.85]]]",None,simple-mlp,uniform,0.15,backward,_________________________________________________________________,0.17469943529651233,44.0,18.0,118.0,3.0,2.0,50.0,main.py,877f5f997285690780c2e680ad9997a98baaf159,26.3,,,9.776931762695312,"https://ui.neptune.ai/ygorcanalli/LabelNoise/e/LAB-357
"
27,2021-04-05 03:58:33.070000+00:00,,meriadoc,LAB-444,2021-04-05 04:04:58.798000+00:00,synthetic-100-5-500K-uniform-[0.25],ygorcanalli,2021-04-05 04:04:54.122000+00:00,381.033,4809303.0,idle,hyperparameter-rerun,0.678155243396759,0.9234866499900818,0.678155243396759,0.9234866499900818,0.6970000267028809,0.9068806767463684,0.9231799840927124,0.3977194130420685,32.0,synthetic-100-5-500K,20.0,None,None,simple-mlp,uniform,0.25,boot-hard,_________________________________________________________________,0.039681913167957245,115.0,57.0,,2.0,5.0,100.0,main.py,0f0b3e1dca1ee35dbc055f5a45002c97adf5a273,19.4,13.0,5.70526123046875,10.13217544555664,"https://ui.neptune.ai/ygorcanalli/LabelNoise/e/LAB-444
"
28,2021-04-04 22:41:26.409000+00:00,,meriadoc,LAB-425,2021-04-04 22:46:43.744000+00:00,synthetic-100-5-500K-uniform-[0.05],ygorcanalli,2021-04-04 22:46:35.154000+00:00,308.73,4808846.0,idle,hyperparameter-rerun,0.8976497054100037,0.40462470054626465,0.8976497054100037,0.40462470054626465,0.90482497215271,0.38865068554878235,0.9517800211906433,0.1876697838306427,32.0,synthetic-100-5-500K,20.0,"[[[0.95, 0.0125, 0.0125, 0.0125, 0.0125], [0.0125, 0.95, 0.0125, 0.0125, 0.0125], [0.0125, 0.0125, 0.95, 0.0125, 0.0125], [0.0125, 0.0125, 0.0125, 0.95, 0.0125], [0.0125, 0.0125, 0.0125, 0.0125, 0.95]]]",None,simple-mlp,uniform,0.05,forward,_________________________________________________________________,0.011758307824899263,92.0,55.0,24.0,3.0,5.0,100.0,main.py,0f0b3e1dca1ee35dbc055f5a45002c97adf5a273,25.7,13.0,5.67132568359375,11.645191192626953,"https://ui.neptune.ai/ygorcanalli/LabelNoise/e/LAB-425
"
29,2021-04-04 23:24:34.024000+00:00,,meriadoc,LAB-427,2021-04-04 23:29:48.313000+00:00,synthetic-100-5-500K-uniform-[0.1],ygorcanalli,2021-04-04 23:29:42.622000+00:00,308.584,4808846.0,idle,hyperparameter-rerun,0.8373807668685913,0.6235003471374512,0.8373807668685913,0.6235003471374512,0.854449987411499,0.5922534465789795,0.9453200101852417,0.26496589183807373,32.0,synthetic-100-5-500K,20.0,None,None,simple-mlp,uniform,0.1,none,_________________________________________________________________,0.023763754280857197,96.0,70.0,24.0,3.0,5.0,100.0,main.py,0f0b3e1dca1ee35dbc055f5a45002c97adf5a273,25.2,10.0,5.6171875,12.108345031738281,"https://ui.neptune.ai/ygorcanalli/LabelNoise/e/LAB-427
"
30,2021-04-04 16:59:26.953000+00:00,,meriadoc,LAB-394,2021-04-04 17:00:30.022000+00:00,synthetic-80-5-200K-uniform-[0.15],ygorcanalli,2021-04-04 17:00:08.843000+00:00,41.888,1926037.0,idle,hyperparameter-rerun,0.7060624957084656,0.9250312447547913,0.7060624957084656,0.9250312447547913,0.7575937509536743,0.8384418487548828,0.8804000020027161,0.4735693335533142,32.0,synthetic-80-5-200K,20.0,None,None,simple-mlp,uniform,0.15,boot-soft,_________________________________________________________________,0.09492830740244246,78.0,45.0,15.0,3.0,5.0,80.0,main.py,0f0b3e1dca1ee35dbc055f5a45002c97adf5a273,35.6,,,9.096786499023438,"https://ui.neptune.ai/ygorcanalli/LabelNoise/e/LAB-394
"
31,2021-04-02 22:24:22.786000+00:00,,meriadoc,LAB-349,2021-04-02 22:24:36.871000+00:00,synthetic-50-2-100K-uniform-[0.1],ygorcanalli,2021-04-02 22:24:34.031000+00:00,11.244,245074.0,idle,hyperparameter-rerun,0.8589218854904175,0.38712066411972046,0.8589218854904175,0.38712066411972046,0.8630625009536743,0.3865063786506653,0.9523000121116638,0.2106533646583557,128.0,synthetic-50-2-100K,20.0,None,None,simple-mlp,uniform,0.1,boot-soft,_________________________________________________________________,0.006619230246442221,23.0,86.0,16.0,3.0,2.0,50.0,main.py,877f5f997285690780c2e680ad9997a98baaf159,22.2,,,9.492496490478516,"https://ui.neptune.ai/ygorcanalli/LabelNoise/e/LAB-349
"
32,2021-04-02 22:19:07.652000+00:00,,meriadoc,LAB-342,2021-04-02 22:19:19.907000+00:00,synthetic-50-2-100K-uniform-[0.0],ygorcanalli,2021-04-02 22:19:08.432000+00:00,0.78,245026.0,idle,hyperparameter-rerun,0.9402031302452087,0.15933318436145782,0.9402031302452087,0.15933318436145782,0.9583125114440918,0.12130430340766907,0.9559000134468079,0.1329628825187683,128.0,synthetic-50-2-100K,20.0,"[[[1.0, 0.0], [0.0, 1.0]]]",None,simple-mlp,uniform,0.0,backward,_________________________________________________________________,0.03325603052756665,19.0,52.0,73.0,3.0,2.0,50.0,main.py,877f5f997285690780c2e680ad9997a98baaf159,21.8,,,8.459491729736328,"https://ui.neptune.ai/ygorcanalli/LabelNoise/e/LAB-342
"
33,2021-04-04 16:59:23.564000+00:00,,meriadoc,LAB-393,2021-04-04 17:00:32.024000+00:00,synthetic-80-5-200K-uniform-[0.1],ygorcanalli,2021-04-04 17:00:05.320000+00:00,41.755,1926085.0,idle,hyperparameter-rerun,0.7192890644073486,0.8578302264213562,0.7192890644073486,0.8578302264213562,0.7985625267028809,0.7093720436096191,0.8802750110626221,0.4276581406593323,32.0,synthetic-80-5-200K,20.0,None,None,simple-mlp,uniform,0.1,boot-soft,_________________________________________________________________,0.1457172725825688,102.0,50.0,56.0,3.0,5.0,80.0,main.py,0f0b3e1dca1ee35dbc055f5a45002c97adf5a273,35.4,,,9.111518859863281,"https://ui.neptune.ai/ygorcanalli/LabelNoise/e/LAB-393
"
34,2021-04-02 22:18:50.769000+00:00,,meriadoc,LAB-341,2021-04-02 22:19:04.295000+00:00,synthetic-50-2-100K-uniform-[0.0],ygorcanalli,2021-04-02 22:19:01.778000+00:00,11.008,245074.0,idle,hyperparameter-rerun,0.937125027179718,0.1648053079843521,0.937125027179718,0.1648053079843521,0.956375002861023,0.12632150948047638,0.9544500112533569,0.13561339676380157,128.0,synthetic-50-2-100K,20.0,"[[[1.0, 0.0], [0.0, 1.0]]]",None,simple-mlp,uniform,0.0,forward,_________________________________________________________________,0.03325603052756665,19.0,52.0,73.0,3.0,2.0,50.0,main.py,877f5f997285690780c2e680ad9997a98baaf159,24.4,,,8.461517333984375,"https://ui.neptune.ai/ygorcanalli/LabelNoise/e/LAB-341
"
35,2021-04-02 22:34:28.889000+00:00,,meriadoc,LAB-365,2021-04-02 22:34:41.678000+00:00,synthetic-50-2-100K-uniform-[0.25],ygorcanalli,2021-04-02 22:34:39.923000+00:00,11.034,245074.0,idle,hyperparameter-rerun,0.7112343907356262,0.5344874262809753,0.7112343907356262,0.5344874262809753,0.7193750143051147,0.53288733959198,0.9229999780654907,0.320433646440506,128.0,synthetic-50-2-100K,20.0,None,None,simple-mlp,uniform,0.25,boot-hard,_________________________________________________________________,0.02205830741944419,23.0,73.0,73.0,3.0,2.0,50.0,main.py,877f5f997285690780c2e680ad9997a98baaf159,24.9,,,10.05599594116211,"https://ui.neptune.ai/ygorcanalli/LabelNoise/e/LAB-365
"
36,2021-04-04 16:51:43.864000+00:00,,meriadoc,LAB-387,2021-04-04 16:52:49.295000+00:00,synthetic-80-5-200K-uniform-[0.05],ygorcanalli,2021-04-04 16:52:25.665000+00:00,41.798,1925849.0,idle,hyperparameter-rerun,0.7793202996253967,0.6680188775062561,0.7793202996253967,0.6680188775062561,0.8503124713897705,0.5201622247695923,0.8913249969482422,0.3564426302909851,32.0,synthetic-80-5-200K,20.0,"[[[0.95, 0.0125, 0.0125, 0.0125, 0.0125], [0.0125, 0.95, 0.0125, 0.0125, 0.0125], [0.0125, 0.0125, 0.95, 0.0125, 0.0125], [0.0125, 0.0125, 0.0125, 0.95, 0.0125], [0.0125, 0.0125, 0.0125, 0.0125, 0.95]]]",None,simple-mlp,uniform,0.05,forward,_________________________________________________________________,0.10545111640536789,18.0,107.0,,2.0,5.0,80.0,main.py,0f0b3e1dca1ee35dbc055f5a45002c97adf5a273,37.0,,,8.91634750366211,"https://ui.neptune.ai/ygorcanalli/LabelNoise/e/LAB-387
"
37,2021-04-04 17:01:47.066000+00:00,,meriadoc,LAB-398,2021-04-04 17:02:52.007000+00:00,synthetic-80-5-200K-uniform-[0.1],ygorcanalli,2021-04-04 17:02:39.085000+00:00,52.018,1926085.0,idle,hyperparameter-rerun,0.7214453220367432,0.8410599827766418,0.7214453220367432,0.8410599827766418,0.8056874871253967,0.6763966083526611,0.8884750008583069,0.41073012351989746,32.0,synthetic-80-5-200K,20.0,"[[[0.9, 0.025, 0.025, 0.025, 0.025], [0.025, 0.9, 0.025, 0.025, 0.025], [0.025, 0.025, 0.9, 0.025, 0.025], [0.025, 0.025, 0.025, 0.9, 0.025], [0.025, 0.025, 0.025, 0.025, 0.9]]]",None,simple-mlp,uniform,0.1,forward,_________________________________________________________________,0.1457172725825688,102.0,50.0,56.0,3.0,5.0,80.0,main.py,0f0b3e1dca1ee35dbc055f5a45002c97adf5a273,27.5,,,9.113475799560547,"https://ui.neptune.ai/ygorcanalli/LabelNoise/e/LAB-398
"
38,2021-04-02 22:30:59.653000+00:00,,meriadoc,LAB-359,2021-04-02 22:31:13.783000+00:00,synthetic-50-2-100K-uniform-[0.2],ygorcanalli,2021-04-02 22:31:10.782000+00:00,11.129,245074.0,idle,hyperparameter-rerun,0.7167187333106995,0.5783423185348511,0.7167187333106995,0.5783423185348511,0.7428125143051147,0.5563488602638245,0.9002000093460083,0.38613295555114746,128.0,synthetic-50-2-100K,20.0,None,None,simple-mlp,uniform,0.2,boot-soft,_________________________________________________________________,0.16711013315536524,18.0,12.0,77.0,3.0,2.0,50.0,main.py,877f5f997285690780c2e680ad9997a98baaf159,23.5,,,9.89984130859375,"https://ui.neptune.ai/ygorcanalli/LabelNoise/e/LAB-359
"
39,2021-04-05 03:52:16.651000+00:00,,meriadoc,LAB-443,2021-04-05 03:58:29.481000+00:00,synthetic-100-5-500K-uniform-[0.25],ygorcanalli,2021-04-05 03:58:28.862000+00:00,372.192,4809207.0,idle,hyperparameter-rerun,0.6796990036964417,1.049312949180603,0.6796990036964417,1.049312949180603,0.6951375007629395,1.035126805305481,0.919160008430481,0.5027537941932678,32.0,synthetic-100-5-500K,20.0,None,None,simple-mlp,uniform,0.25,boot-soft,_________________________________________________________________,0.039681913167957245,115.0,57.0,,2.0,5.0,100.0,main.py,0f0b3e1dca1ee35dbc055f5a45002c97adf5a273,18.7,12.0,5.60174560546875,9.473579406738281,"https://ui.neptune.ai/ygorcanalli/LabelNoise/e/LAB-443
"
40,2021-04-04 17:08:56.159000+00:00,,meriadoc,LAB-403,2021-04-04 17:10:04.556000+00:00,synthetic-80-5-200K-uniform-[0.2],ygorcanalli,2021-04-04 17:09:37.943000+00:00,41.782,1926035.0,idle,hyperparameter-rerun,0.7019218802452087,0.9706629514694214,0.7019218802452087,0.9706629514694214,0.7104374766349792,0.964120626449585,0.8837000131607056,0.5278505086898804,32.0,synthetic-80-5-200K,20.0,None,None,simple-mlp,uniform,0.2,boot-soft,_________________________________________________________________,0.026776423190087197,53.0,36.0,19.0,3.0,5.0,80.0,main.py,0f0b3e1dca1ee35dbc055f5a45002c97adf5a273,34.2,,,9.631660461425781,"https://ui.neptune.ai/ygorcanalli/LabelNoise/e/LAB-403
"
41,2021-04-02 22:28:19.550000+00:00,,meriadoc,LAB-356,2021-04-02 22:28:32.213000+00:00,synthetic-50-2-100K-uniform-[0.15],ygorcanalli,2021-04-02 22:28:30.508000+00:00,10.958,245074.0,idle,hyperparameter-rerun,0.755078136920929,0.5289060473442078,0.755078136920929,0.5289060473442078,0.7996249794960022,0.4873083829879761,0.9161999821662903,0.3206031620502472,128.0,synthetic-50-2-100K,20.0,"[[[0.85, 0.15], [0.15, 0.85]]]",None,simple-mlp,uniform,0.15,forward,_________________________________________________________________,0.17469943529651233,44.0,18.0,118.0,3.0,2.0,50.0,main.py,877f5f997285690780c2e680ad9997a98baaf159,26.7,,,9.748577117919922,"https://ui.neptune.ai/ygorcanalli/LabelNoise/e/LAB-356
"
42,2021-04-04 17:00:32.972000+00:00,,meriadoc,LAB-395,2021-04-04 17:01:41.310000+00:00,synthetic-80-5-200K-uniform-[0.15],ygorcanalli,2021-04-04 17:01:14.664000+00:00,41.69,1926037.0,idle,hyperparameter-rerun,0.7064765691757202,0.8118934035301208,0.7064765691757202,0.8118934035301208,0.7609687447547913,0.7231538891792297,0.8848000168800354,0.39745885133743286,32.0,synthetic-80-5-200K,20.0,None,None,simple-mlp,uniform,0.15,boot-hard,_________________________________________________________________,0.09492830740244246,78.0,45.0,15.0,3.0,5.0,80.0,main.py,0f0b3e1dca1ee35dbc055f5a45002c97adf5a273,35.2,,,9.165904998779297,"https://ui.neptune.ai/ygorcanalli/LabelNoise/e/LAB-395
"
43,2021-04-05 04:05:02.475000+00:00,,meriadoc,LAB-445,2021-04-05 04:11:00.431000+00:00,synthetic-100-5-500K-uniform-[0.25],ygorcanalli,2021-04-05 04:10:52.119000+00:00,349.629,4809039.0,idle,hyperparameter-rerun,0.6849896311759949,1.0207903385162354,0.6849896311759949,1.0207903385162354,0.6985124945640564,0.9976852536201477,0.9275599718093872,0.4430577754974365,32.0,synthetic-100-5-500K,20.0,"[[[0.75, 0.0625, 0.0625, 0.0625, 0.0625], [0.0625, 0.75, 0.0625, 0.0625, 0.0625], [0.0625, 0.0625, 0.75, 0.0625, 0.0625], [0.0625, 0.0625, 0.0625, 0.75, 0.0625], [0.0625, 0.0625, 0.0625, 0.0625, 0.75]]]",None,simple-mlp,uniform,0.25,forward,_________________________________________________________________,0.039681913167957245,115.0,57.0,,2.0,5.0,100.0,main.py,0f0b3e1dca1ee35dbc055f5a45002c97adf5a273,19.3,12.0,5.705078125,10.106075286865234,"https://ui.neptune.ai/ygorcanalli/LabelNoise/e/LAB-445
"
44,2021-04-05 05:03:27.927000+00:00,,meriadoc,LAB-447,2021-04-05 05:09:13.549000+00:00,synthetic-100-5-500K-uniform-[0.3],ygorcanalli,2021-04-05 05:09:07.236000+00:00,339.295,4809103.0,idle,hyperparameter-rerun,0.6224862933158875,1.1600366830825806,0.6224862933158875,1.1600366830825806,0.6489499807357788,1.1265385150909424,0.9207500219345093,0.5725138187408447,32.0,synthetic-100-5-500K,20.0,None,None,simple-mlp,uniform,0.3,none,_________________________________________________________________,0.06511415420278266,38.0,95.0,9.0,3.0,5.0,100.0,main.py,0f0b3e1dca1ee35dbc055f5a45002c97adf5a273,19.5,11.0,5.6651611328125,11.649848937988281,"https://ui.neptune.ai/ygorcanalli/LabelNoise/e/LAB-447
"
45,2021-04-04 16:50:24.727000+00:00,,meriadoc,LAB-385,2021-04-04 16:51:40.489000+00:00,synthetic-80-5-200K-uniform-[0.05],ygorcanalli,2021-04-04 16:51:16.709000+00:00,51.98,1925897.0,idle,hyperparameter-rerun,0.7729921936988831,0.6202760338783264,0.7729921936988831,0.6202760338783264,0.8411250114440918,0.4980456829071045,0.8837000131607056,0.33683332800865173,32.0,synthetic-80-5-200K,20.0,None,None,simple-mlp,uniform,0.05,boot-hard,_________________________________________________________________,0.10545111640536789,18.0,107.0,,2.0,5.0,80.0,main.py,0f0b3e1dca1ee35dbc055f5a45002c97adf5a273,38.6,,,8.55899429321289,"https://ui.neptune.ai/ygorcanalli/LabelNoise/e/LAB-385
"
46,2021-04-05 16:18:02.763000+00:00,,meriadoc,LAB-452,2021-04-05 16:19:07.233000+00:00,synthetic-80-5-200K-uniform-[0.3],ygorcanalli,2021-04-05 16:18:44.457000+00:00,41.691,1922862.0,idle,hyperparameter-rerun,0.6146718859672546,1.1564759016036987,0.6146718859672546,1.1564759016036987,0.6333749890327454,1.1294353008270264,0.8874250054359436,0.5852155685424805,32.0,synthetic-80-5-200K,20.0,"[[[0.7, 0.075, 0.075, 0.075, 0.075], [0.075, 0.7, 0.075, 0.075, 0.075], [0.075, 0.075, 0.7, 0.075, 0.075], [0.075, 0.075, 0.075, 0.7, 0.075], [0.075, 0.075, 0.075, 0.075, 0.7]]]",None,simple-mlp,uniform,0.3,forward,_________________________________________________________________,0.05536391056178672,74.0,81.0,20.0,3.0,5.0,80.0,,a0a612593c56aa3417974b01e8026bf02c0f2e5e,29.0,,,8.99417495727539,"https://ui.neptune.ai/ygorcanalli/LabelNoise/e/LAB-452
"
47,2021-04-05 03:46:55.919000+00:00,,meriadoc,LAB-442,2021-04-05 03:52:12.689000+00:00,synthetic-100-5-500K-uniform-[0.25],ygorcanalli,2021-04-05 03:52:05.014000+00:00,309.079,4808631.0,idle,hyperparameter-rerun,0.6791208982467651,1.0507515668869019,0.6791208982467651,1.0507515668869019,0.6966375112533569,1.0355522632598877,0.9243199825286865,0.4629349708557129,32.0,synthetic-100-5-500K,20.0,None,None,simple-mlp,uniform,0.25,none,_________________________________________________________________,0.039681913167957245,115.0,57.0,,2.0,5.0,100.0,main.py,0f0b3e1dca1ee35dbc055f5a45002c97adf5a273,18.8,7.0,5.60174560546875,9.220443725585938,"https://ui.neptune.ai/ygorcanalli/LabelNoise/e/LAB-442
"
48,2021-04-04 16:51:49.173000+00:00,,meriadoc,LAB-388,2021-04-04 16:53:01.231000+00:00,synthetic-80-5-200K-uniform-[0.0],ygorcanalli,2021-04-04 16:52:30.909000+00:00,41.733,1925851.0,idle,hyperparameter-rerun,0.9092265367507935,0.29112252593040466,0.9092265367507935,0.29112252593040466,0.9244687557220459,0.24638178944587708,0.9252499938011169,0.24317480623722076,32.0,synthetic-80-5-200K,20.0,"[[[1.0, 0.0, 0.0, 0.0, 0.0], [0.0, 1.0, 0.0, 0.0, 0.0], [0.0, 0.0, 1.0, 0.0, 0.0], [0.0, 0.0, 0.0, 1.0, 0.0], [0.0, 0.0, 0.0, 0.0, 1.0]]]",None,simple-mlp,uniform,0.0,forward,_________________________________________________________________,0.023636697398932396,56.0,108.0,,2.0,5.0,80.0,main.py,0f0b3e1dca1ee35dbc055f5a45002c97adf5a273,37.3,,,8.737964630126953,"https://ui.neptune.ai/ygorcanalli/LabelNoise/e/LAB-388
"
49,2021-04-05 00:32:49.284000+00:00,,meriadoc,LAB-433,2021-04-05 00:38:19.574000+00:00,synthetic-100-5-500K-uniform-[0.15],ygorcanalli,2021-04-05 00:38:18.660000+00:00,329.362,4808756.0,idle,hyperparameter-rerun,0.7278491258621216,0.8924797177314758,0.7278491258621216,0.8924797177314758,0.7844625115394592,0.7988293766975403,0.9172700047492981,0.4008077383041382,32.0,synthetic-100-5-500K,20.0,None,None,simple-mlp,uniform,0.15,boot-soft,_________________________________________________________________,0.11159796039782065,124.0,46.0,,2.0,5.0,100.0,main.py,0f0b3e1dca1ee35dbc055f5a45002c97adf5a273,26.1,10.0,5.62030029296875,13.091644287109375,"https://ui.neptune.ai/ygorcanalli/LabelNoise/e/LAB-433
"
50,2021-04-04 17:00:35.005000+00:00,,meriadoc,LAB-396,2021-04-04 17:01:43.948000+00:00,synthetic-80-5-200K-uniform-[0.1],ygorcanalli,2021-04-04 17:01:27.196000+00:00,52.19,1926085.0,idle,hyperparameter-rerun,0.7162578105926514,0.7597115635871887,0.7162578105926514,0.7597115635871887,0.7999374866485596,0.6181958913803101,0.8837249875068665,0.3819257915019989,32.0,synthetic-80-5-200K,20.0,None,None,simple-mlp,uniform,0.1,boot-hard,_________________________________________________________________,0.1457172725825688,102.0,50.0,56.0,3.0,5.0,80.0,main.py,0f0b3e1dca1ee35dbc055f5a45002c97adf5a273,28.0,,,9.147041320800781,"https://ui.neptune.ai/ygorcanalli/LabelNoise/e/LAB-396
"
51,2021-04-04 17:02:55.065000+00:00,,meriadoc,LAB-399,2021-04-04 17:04:05.613000+00:00,synthetic-80-5-200K-uniform-[0.1],ygorcanalli,2021-04-04 17:03:36.897000+00:00,41.831,1926037.0,idle,hyperparameter-rerun,0.7151172161102295,0.5666379332542419,0.7151172161102295,0.5666379332542419,0.7987812757492065,0.35595348477363586,0.8810999989509583,-0.17788368463516235,32.0,synthetic-80-5-200K,20.0,"[[[0.9, 0.025, 0.025, 0.025, 0.025], [0.025, 0.9, 0.025, 0.025, 0.025], [0.025, 0.025, 0.9, 0.025, 0.025], [0.025, 0.025, 0.025, 0.9, 0.025], [0.025, 0.025, 0.025, 0.025, 0.9]]]",None,simple-mlp,uniform,0.1,backward,_________________________________________________________________,0.1457172725825688,102.0,50.0,56.0,3.0,5.0,80.0,main.py,0f0b3e1dca1ee35dbc055f5a45002c97adf5a273,35.9,,,9.220603942871094,"https://ui.neptune.ai/ygorcanalli/LabelNoise/e/LAB-399
"
52,2021-04-04 17:12:34.008000+00:00,,meriadoc,LAB-410,2021-04-04 17:13:42.364000+00:00,synthetic-80-5-200K-uniform-[0.25],ygorcanalli,2021-04-04 17:13:15.795000+00:00,41.785,1925849.0,idle,hyperparameter-rerun,0.6315624713897705,0.410970002412796,0.6315624713897705,0.410970002412796,0.644906222820282,0.46016931533813477,0.8529750108718872,-1.8027691841125488,32.0,synthetic-80-5-200K,20.0,"[[[0.75, 0.0625, 0.0625, 0.0625, 0.0625], [0.0625, 0.75, 0.0625, 0.0625, 0.0625], [0.0625, 0.0625, 0.75, 0.0625, 0.0625], [0.0625, 0.0625, 0.0625, 0.75, 0.0625], [0.0625, 0.0625, 0.0625, 0.0625, 0.75]]]",None,simple-mlp,uniform,0.25,backward,_________________________________________________________________,0.042792853656392585,49.0,33.0,,2.0,5.0,80.0,main.py,0f0b3e1dca1ee35dbc055f5a45002c97adf5a273,34.9,,,9.696952819824219,"https://ui.neptune.ai/ygorcanalli/LabelNoise/e/LAB-410
"
53,2021-04-04 21:52:59.454000+00:00,,meriadoc,LAB-420,2021-04-04 21:57:00.294000+00:00,synthetic-100-5-500K-uniform-[0.0],ygorcanalli,2021-04-04 21:56:56.082000+00:00,236.615,4807914.0,idle,hyperparameter-rerun,0.9354435205459595,0.22337137162685394,0.9354435205459595,0.22337137162685394,0.9519624710083008,0.17609718441963196,0.9511600136756897,0.17976288497447968,32.0,synthetic-100-5-500K,20.0,"[[[1.0, 0.0, 0.0, 0.0, 0.0], [0.0, 1.0, 0.0, 0.0, 0.0], [0.0, 0.0, 1.0, 0.0, 0.0], [0.0, 0.0, 0.0, 1.0, 0.0], [0.0, 0.0, 0.0, 0.0, 1.0]]]",None,simple-mlp,uniform,0.0,forward,_________________________________________________________________,0.01588930401726807,47.0,27.0,,2.0,5.0,100.0,main.py,0f0b3e1dca1ee35dbc055f5a45002c97adf5a273,28.0,14.0,5.6986083984375,10.129459381103516,"https://ui.neptune.ai/ygorcanalli/LabelNoise/e/LAB-420
"
54,2021-04-02 22:24:57.298000+00:00,,meriadoc,LAB-351,2021-04-02 22:25:11.369000+00:00,synthetic-50-2-100K-uniform-[0.1],ygorcanalli,2021-04-02 22:25:08.406000+00:00,11.108,245074.0,idle,hyperparameter-rerun,0.8596718907356262,0.38508450984954834,0.8596718907356262,0.38508450984954834,0.8629375100135803,0.38259610533714294,0.9503999948501587,0.20538583397865295,128.0,synthetic-50-2-100K,20.0,"[[[0.9, 0.1], [0.1, 0.9]]]",None,simple-mlp,uniform,0.1,forward,_________________________________________________________________,0.006619230246442221,23.0,86.0,16.0,3.0,2.0,50.0,main.py,877f5f997285690780c2e680ad9997a98baaf159,23.5,,,9.53125,"https://ui.neptune.ai/ygorcanalli/LabelNoise/e/LAB-351
"
55,2021-04-02 22:37:42.743000+00:00,,meriadoc,LAB-370,2021-04-02 22:37:56.288000+00:00,synthetic-50-2-100K-uniform-[0.3],ygorcanalli,2021-04-02 22:37:53.777000+00:00,11.033,244885.0,idle,hyperparameter-rerun,0.6208906173706055,0.6072752475738525,0.6208906173706055,0.6072752475738525,0.6294999718666077,0.6016896963119507,0.8200500011444092,0.4377797842025757,128.0,synthetic-50-2-100K,20.0,None,None,simple-mlp,uniform,0.3,boot-hard,_________________________________________________________________,0.19427086695213816,9.0,39.0,,2.0,2.0,50.0,main.py,877f5f997285690780c2e680ad9997a98baaf159,23.4,,,10.332656860351562,"https://ui.neptune.ai/ygorcanalli/LabelNoise/e/LAB-370
"
56,2021-04-05 04:11:04.482000+00:00,,meriadoc,LAB-446,2021-04-05 04:17:00.566000+00:00,synthetic-100-5-500K-uniform-[0.25],ygorcanalli,2021-04-05 04:16:54.185000+00:00,349.685,4809015.0,idle,hyperparameter-rerun,0.6532176733016968,0.2681281566619873,0.6532176733016968,0.2681281566619873,0.6653125286102295,0.3967040181159973,0.8781599998474121,-2.4965362548828125,32.0,synthetic-100-5-500K,20.0,"[[[0.75, 0.0625, 0.0625, 0.0625, 0.0625], [0.0625, 0.75, 0.0625, 0.0625, 0.0625], [0.0625, 0.0625, 0.75, 0.0625, 0.0625], [0.0625, 0.0625, 0.0625, 0.75, 0.0625], [0.0625, 0.0625, 0.0625, 0.0625, 0.75]]]",None,simple-mlp,uniform,0.25,backward,_________________________________________________________________,0.039681913167957245,115.0,57.0,,2.0,5.0,100.0,main.py,0f0b3e1dca1ee35dbc055f5a45002c97adf5a273,19.3,12.0,5.66046142578125,10.221004486083984,"https://ui.neptune.ai/ygorcanalli/LabelNoise/e/LAB-446
"
57,2021-04-05 05:23:15.843000+00:00,,meriadoc,LAB-450,2021-04-05 05:29:38.079000+00:00,synthetic-100-5-500K-uniform-[0.3],ygorcanalli,2021-04-05 05:29:36.746000+00:00,380.884,4809487.0,idle,hyperparameter-rerun,0.6257144808769226,1.1411560773849487,0.6257144808769226,1.1411560773849487,0.6522374749183655,1.1032898426055908,0.9232000112533569,0.5219051241874695,32.0,synthetic-100-5-500K,20.0,"[[[0.7, 0.075, 0.075, 0.075, 0.075], [0.075, 0.7, 0.075, 0.075, 0.075], [0.075, 0.075, 0.7, 0.075, 0.075], [0.075, 0.075, 0.075, 0.7, 0.075], [0.075, 0.075, 0.075, 0.075, 0.7]]]",None,simple-mlp,uniform,0.3,forward,_________________________________________________________________,0.06511415420278266,38.0,95.0,9.0,3.0,5.0,100.0,main.py,0f0b3e1dca1ee35dbc055f5a45002c97adf5a273,19.9,14.0,5.65380859375,11.605201721191406,"https://ui.neptune.ai/ygorcanalli/LabelNoise/e/LAB-450
"
58,2021-04-02 22:34:44.974000+00:00,,meriadoc,LAB-366,2021-04-02 22:34:59.735000+00:00,synthetic-50-2-100K-uniform-[0.25],ygorcanalli,2021-04-02 22:34:56.606000+00:00,11.631,245074.0,idle,hyperparameter-rerun,0.7159062623977661,0.5885773301124573,0.7159062623977661,0.5885773301124573,0.7181249856948853,0.5866129994392395,0.9212999939918518,0.381779283285141,128.0,synthetic-50-2-100K,20.0,"[[[0.75, 0.25], [0.25, 0.75]]]",None,simple-mlp,uniform,0.25,forward,_________________________________________________________________,0.02205830741944419,23.0,73.0,73.0,3.0,2.0,50.0,main.py,877f5f997285690780c2e680ad9997a98baaf159,27.6,,,10.10573959350586,"https://ui.neptune.ai/ygorcanalli/LabelNoise/e/LAB-366
"
59,2021-04-02 22:21:59.569000+00:00,,meriadoc,LAB-347,2021-04-02 22:22:12.652000+00:00,synthetic-50-2-100K-uniform-[0.05],ygorcanalli,2021-04-02 22:22:10.534000+00:00,10.964,244888.0,idle,hyperparameter-rerun,0.8457187414169312,0.27113088965415955,0.8457187414169312,0.27113088965415955,0.8851875066757202,0.19069808721542358,0.9232500195503235,0.007387480232864618,128.0,synthetic-50-2-100K,20.0,"[[[0.95, 0.05], [0.05, 0.95]]]",None,simple-mlp,uniform,0.05,backward,_________________________________________________________________,0.12188035414808807,14.0,71.0,,2.0,2.0,50.0,main.py,877f5f997285690780c2e680ad9997a98baaf159,23.2,,,9.107135772705078,"https://ui.neptune.ai/ygorcanalli/LabelNoise/e/LAB-347
"
60,2021-04-04 17:07:49.107000+00:00,,meriadoc,LAB-401,2021-04-04 17:08:52.909000+00:00,synthetic-80-5-200K-uniform-[0.2],ygorcanalli,2021-04-04 17:08:30.831000+00:00,41.722,1926035.0,idle,hyperparameter-rerun,0.7038984298706055,0.9693475365638733,0.7038984298706055,0.9693475365638733,0.7105000019073486,0.973181962966919,0.8865500092506409,0.48044878244400024,32.0,synthetic-80-5-200K,20.0,None,None,simple-mlp,uniform,0.2,none,_________________________________________________________________,0.026776423190087197,53.0,36.0,19.0,3.0,5.0,80.0,main.py,0f0b3e1dca1ee35dbc055f5a45002c97adf5a273,33.9,,,9.580772399902344,"https://ui.neptune.ai/ygorcanalli/LabelNoise/e/LAB-401
"
61,2021-04-04 17:29:29.981000+00:00,,meriadoc,LAB-412,2021-04-04 17:31:07.609000+00:00,synthetic-80-5-200K-uniform-[0.3],ygorcanalli,2021-04-04 17:31:03.056000+00:00,93.07,1926275.0,idle,hyperparameter-rerun,0.6168906092643738,1.162225604057312,0.6168906092643738,1.162225604057312,0.6186249852180481,1.1707115173339844,0.8635500073432922,0.667347252368927,32.0,synthetic-80-5-200K,20.0,None,None,simple-mlp,uniform,0.3,boot-soft,_________________________________________________________________,0.015256373949917235,42.0,31.0,59.0,3.0,5.0,80.0,main.py,0f0b3e1dca1ee35dbc055f5a45002c97adf5a273,19.6,,,6.654937744140625,"https://ui.neptune.ai/ygorcanalli/LabelNoise/e/LAB-412
"
62,2021-04-05 00:38:23.756000+00:00,,meriadoc,LAB-434,2021-04-05 00:43:51.813000+00:00,synthetic-100-5-500K-uniform-[0.15],ygorcanalli,2021-04-05 00:43:42.602000+00:00,318.831,4808756.0,idle,hyperparameter-rerun,0.7262178659439087,0.7872457504272461,0.7262178659439087,0.7872457504272461,0.7830374836921692,0.6972427368164062,0.9170399904251099,0.3322186768054962,32.0,synthetic-100-5-500K,20.0,None,None,simple-mlp,uniform,0.15,boot-hard,_________________________________________________________________,0.11159796039782065,124.0,46.0,,2.0,5.0,100.0,main.py,0f0b3e1dca1ee35dbc055f5a45002c97adf5a273,25.9,8.0,5.62005615234375,13.279010772705078,"https://ui.neptune.ai/ygorcanalli/LabelNoise/e/LAB-434
"
63,2021-04-04 23:35:28.206000+00:00,,meriadoc,LAB-429,2021-04-04 23:41:08.799000+00:00,synthetic-100-5-500K-uniform-[0.1],ygorcanalli,2021-04-04 23:41:07.786000+00:00,339.563,4809038.0,idle,hyperparameter-rerun,0.837011992931366,0.5344021320343018,0.837011992931366,0.5344021320343018,0.8546249866485596,0.5039684176445007,0.9449899792671204,0.22253505885601044,32.0,synthetic-100-5-500K,20.0,None,None,simple-mlp,uniform,0.1,boot-hard,_________________________________________________________________,0.023763754280857197,96.0,70.0,24.0,3.0,5.0,100.0,main.py,0f0b3e1dca1ee35dbc055f5a45002c97adf5a273,25.1,10.0,5.61663818359375,11.984813690185547,"https://ui.neptune.ai/ygorcanalli/LabelNoise/e/LAB-429
"
64,2021-04-04 17:09:04.768000+00:00,,meriadoc,LAB-404,2021-04-04 17:10:12.797000+00:00,synthetic-80-5-200K-uniform-[0.25],ygorcanalli,2021-04-04 17:09:56.828000+00:00,52.057,1925897.0,idle,hyperparameter-rerun,0.6407656073570251,1.1125398874282837,0.6407656073570251,1.1125398874282837,0.659375011920929,1.1015164852142334,0.8709999918937683,0.6265615224838257,32.0,synthetic-80-5-200K,20.0,None,None,simple-mlp,uniform,0.25,boot-soft,_________________________________________________________________,0.042792853656392585,49.0,33.0,,2.0,5.0,80.0,main.py,0f0b3e1dca1ee35dbc055f5a45002c97adf5a273,21.5,,,9.615470886230469,"https://ui.neptune.ai/ygorcanalli/LabelNoise/e/LAB-404
"
65,2021-04-04 22:46:47.437000+00:00,,meriadoc,LAB-426,2021-04-04 22:51:38.087000+00:00,synthetic-100-5-500K-uniform-[0.05],ygorcanalli,2021-04-04 22:51:35.581000+00:00,288.131,4808558.0,idle,hyperparameter-rerun,0.8891902565956116,0.2032954841852188,0.8891902565956116,0.2032954841852188,0.8971250057220459,0.2119065374135971,0.9450200200080872,-0.18739721179008484,32.0,synthetic-100-5-500K,20.0,"[[[0.95, 0.0125, 0.0125, 0.0125, 0.0125], [0.0125, 0.95, 0.0125, 0.0125, 0.0125], [0.0125, 0.0125, 0.95, 0.0125, 0.0125], [0.0125, 0.0125, 0.0125, 0.95, 0.0125], [0.0125, 0.0125, 0.0125, 0.0125, 0.95]]]",None,simple-mlp,uniform,0.05,backward,_________________________________________________________________,0.011758307824899263,92.0,55.0,24.0,3.0,5.0,100.0,main.py,0f0b3e1dca1ee35dbc055f5a45002c97adf5a273,28.6,22.0,5.68438720703125,11.488731384277344,"https://ui.neptune.ai/ygorcanalli/LabelNoise/e/LAB-426
"
66,2021-04-04 16:49:18.227000+00:00,,meriadoc,LAB-384,2021-04-04 16:50:21.564000+00:00,synthetic-80-5-200K-uniform-[0.05],ygorcanalli,2021-04-04 16:50:00.034000+00:00,41.805,1925897.0,idle,hyperparameter-rerun,0.7744531035423279,0.702213704586029,0.7744531035423279,0.702213704586029,0.8388124704360962,0.5730009078979492,0.8829500079154968,0.3922038674354553,32.0,synthetic-80-5-200K,20.0,None,None,simple-mlp,uniform,0.05,boot-soft,_________________________________________________________________,0.10545111640536789,18.0,107.0,,2.0,5.0,80.0,main.py,0f0b3e1dca1ee35dbc055f5a45002c97adf5a273,34.5,,,8.45412826538086,"https://ui.neptune.ai/ygorcanalli/LabelNoise/e/LAB-384
"
67,2021-04-02 22:24:05.592000+00:00,,meriadoc,LAB-348,2021-04-02 22:24:19.419000+00:00,synthetic-50-2-100K-uniform-[0.1],ygorcanalli,2021-04-02 22:24:16.583000+00:00,10.99,245074.0,idle,hyperparameter-rerun,0.8546562790870667,0.3937496542930603,0.8546562790870667,0.3937496542930603,0.8569999933242798,0.3958122134208679,0.9424499869346619,0.20926879346370697,128.0,synthetic-50-2-100K,20.0,None,None,simple-mlp,uniform,0.1,none,_________________________________________________________________,0.006619230246442221,23.0,86.0,16.0,3.0,2.0,50.0,main.py,877f5f997285690780c2e680ad9997a98baaf159,22.5,,,9.394973754882812,"https://ui.neptune.ai/ygorcanalli/LabelNoise/e/LAB-348
"
68,2021-04-02 22:21:25.486000+00:00,,meriadoc,LAB-345,2021-04-02 22:21:39.370000+00:00,synthetic-50-2-100K-uniform-[0.05],ygorcanalli,2021-04-02 22:21:36.433000+00:00,10.947,244888.0,idle,hyperparameter-rerun,0.8496406078338623,0.3325307369232178,0.8496406078338623,0.3325307369232178,0.8836249709129333,0.2851249873638153,0.9246000051498413,0.19649089872837067,128.0,synthetic-50-2-100K,20.0,None,None,simple-mlp,uniform,0.05,boot-hard,_________________________________________________________________,0.12188035414808807,14.0,71.0,,2.0,2.0,50.0,main.py,877f5f997285690780c2e680ad9997a98baaf159,22.8,,,9.083515167236328,"https://ui.neptune.ai/ygorcanalli/LabelNoise/e/LAB-345
"
69,2021-04-02 22:33:57.651000+00:00,,meriadoc,LAB-363,2021-04-02 22:34:10.387000+00:00,synthetic-50-2-100K-uniform-[0.25],ygorcanalli,2021-04-02 22:34:08.596000+00:00,10.944,245074.0,idle,hyperparameter-rerun,0.7080937623977661,0.5925913453102112,0.7080937623977661,0.5925913453102112,0.7112500071525574,0.5950033068656921,0.9033499956130981,0.40666210651397705,128.0,synthetic-50-2-100K,20.0,None,None,simple-mlp,uniform,0.25,none,_________________________________________________________________,0.02205830741944419,23.0,73.0,73.0,3.0,2.0,50.0,main.py,877f5f997285690780c2e680ad9997a98baaf159,23.9,,,9.998031616210938,"https://ui.neptune.ai/ygorcanalli/LabelNoise/e/LAB-363
"
70,2021-04-02 22:30:43.174000+00:00,,meriadoc,LAB-358,2021-04-02 22:30:56.664000+00:00,synthetic-50-2-100K-uniform-[0.2],ygorcanalli,2021-04-02 22:30:54.157000+00:00,10.983,245074.0,idle,hyperparameter-rerun,0.7187656164169312,0.5778747797012329,0.7187656164169312,0.5778747797012329,0.7457500100135803,0.5552324652671814,0.899399995803833,0.3781665861606598,128.0,synthetic-50-2-100K,20.0,None,None,simple-mlp,uniform,0.2,none,_________________________________________________________________,0.16711013315536524,18.0,12.0,77.0,3.0,2.0,50.0,main.py,877f5f997285690780c2e680ad9997a98baaf159,24.2,,,9.871929168701172,"https://ui.neptune.ai/ygorcanalli/LabelNoise/e/LAB-358
"
71,2021-04-04 23:41:12.726000+00:00,,meriadoc,LAB-430,2021-04-04 23:46:42.616000+00:00,synthetic-100-5-500K-uniform-[0.1],ygorcanalli,2021-04-04 23:46:42.192000+00:00,329.452,4808942.0,idle,hyperparameter-rerun,0.8404213786125183,0.5996783971786499,0.8404213786125183,0.5996783971786499,0.8557249903678894,0.5657203793525696,0.9482799768447876,0.24091702699661255,32.0,synthetic-100-5-500K,20.0,"[[[0.9, 0.025, 0.025, 0.025, 0.025], [0.025, 0.9, 0.025, 0.025, 0.025], [0.025, 0.025, 0.9, 0.025, 0.025], [0.025, 0.025, 0.025, 0.9, 0.025], [0.025, 0.025, 0.025, 0.025, 0.9]]]",None,simple-mlp,uniform,0.1,forward,_________________________________________________________________,0.023763754280857197,96.0,70.0,24.0,3.0,5.0,100.0,main.py,0f0b3e1dca1ee35dbc055f5a45002c97adf5a273,25.6,13.0,5.62933349609375,12.002857208251953,"https://ui.neptune.ai/ygorcanalli/LabelNoise/e/LAB-430
"
72,2021-04-02 22:21:09.065000+00:00,,meriadoc,LAB-344,2021-04-02 22:21:22.249000+00:00,synthetic-50-2-100K-uniform-[0.05],ygorcanalli,2021-04-02 22:21:20.287000+00:00,11.221,244888.0,idle,hyperparameter-rerun,0.8504218459129333,0.37404143810272217,0.8504218459129333,0.37404143810272217,0.8876875042915344,0.3186914622783661,0.9267500042915344,0.22360822558403015,128.0,synthetic-50-2-100K,20.0,None,None,simple-mlp,uniform,0.05,boot-soft,_________________________________________________________________,0.12188035414808807,14.0,71.0,,2.0,2.0,50.0,main.py,877f5f997285690780c2e680ad9997a98baaf159,21.9,,,9.071159362792969,"https://ui.neptune.ai/ygorcanalli/LabelNoise/e/LAB-344
"
73,2021-04-04 22:35:44.804000+00:00,,meriadoc,LAB-424,2021-04-04 22:41:22.653000+00:00,synthetic-100-5-500K-uniform-[0.05],ygorcanalli,2021-04-04 22:41:13.808000+00:00,328.988,4809038.0,idle,hyperparameter-rerun,0.8978247046470642,0.3601450026035309,0.8978247046470642,0.3601450026035309,0.9047625064849854,0.3515753448009491,0.9521999955177307,0.17588502168655396,32.0,synthetic-100-5-500K,20.0,None,None,simple-mlp,uniform,0.05,boot-hard,_________________________________________________________________,0.011758307824899263,92.0,55.0,24.0,3.0,5.0,100.0,main.py,0f0b3e1dca1ee35dbc055f5a45002c97adf5a273,25.3,12.0,5.671630859375,11.410472869873047,"https://ui.neptune.ai/ygorcanalli/LabelNoise/e/LAB-424
"
74,2021-04-02 22:28:02.319000+00:00,,meriadoc,LAB-355,2021-04-02 22:28:16.406000+00:00,synthetic-50-2-100K-uniform-[0.15],ygorcanalli,2021-04-02 22:28:13.285000+00:00,10.966,245074.0,idle,hyperparameter-rerun,0.7603750228881836,0.47374609112739563,0.7603750228881836,0.47374609112739563,0.8006874918937683,0.42759037017822266,0.9200999736785889,0.2616323232650757,128.0,synthetic-50-2-100K,20.0,None,None,simple-mlp,uniform,0.15,boot-hard,_________________________________________________________________,0.17469943529651233,44.0,18.0,118.0,3.0,2.0,50.0,main.py,877f5f997285690780c2e680ad9997a98baaf159,23.5,,,9.74395751953125,"https://ui.neptune.ai/ygorcanalli/LabelNoise/e/LAB-355
"
75,2021-04-04 23:29:52.353000+00:00,,meriadoc,LAB-428,2021-04-04 23:35:23.756000+00:00,synthetic-100-5-500K-uniform-[0.1],ygorcanalli,2021-04-04 23:35:21.529000+00:00,329.159,4809038.0,idle,hyperparameter-rerun,0.8369807600975037,0.6197113394737244,0.8369807600975037,0.6197113394737244,0.8537124991416931,0.5902217030525208,0.9456899762153625,0.26112696528434753,32.0,synthetic-100-5-500K,20.0,None,None,simple-mlp,uniform,0.1,boot-soft,_________________________________________________________________,0.023763754280857197,96.0,70.0,24.0,3.0,5.0,100.0,main.py,0f0b3e1dca1ee35dbc055f5a45002c97adf5a273,26.8,8.0,5.6168212890625,12.180770874023438,"https://ui.neptune.ai/ygorcanalli/LabelNoise/e/LAB-428
"
76,2021-04-04 16:49:17.986000+00:00,,meriadoc,LAB-383,2021-04-04 16:50:30.969000+00:00,synthetic-80-5-200K-uniform-[0.0],ygorcanalli,2021-04-04 16:49:59.876000+00:00,41.888,1925851.0,idle,hyperparameter-rerun,0.9077422022819519,0.2937150001525879,0.9077422022819519,0.2937150001525879,0.9202812314033508,0.25170591473579407,0.9224249720573425,0.2526925802230835,32.0,synthetic-80-5-200K,20.0,None,None,simple-mlp,uniform,0.0,boot-soft,_________________________________________________________________,0.023636697398932396,56.0,108.0,,2.0,5.0,80.0,main.py,0f0b3e1dca1ee35dbc055f5a45002c97adf5a273,38.1,,,8.582019805908203,"https://ui.neptune.ai/ygorcanalli/LabelNoise/e/LAB-383
"
77,2021-04-02 22:31:49.789000+00:00,,meriadoc,LAB-362,2021-04-02 22:32:02.639000+00:00,synthetic-50-2-100K-uniform-[0.2],ygorcanalli,2021-04-02 22:32:00.749000+00:00,10.959,245074.0,idle,hyperparameter-rerun,0.7124062776565552,0.3151191174983978,0.7124062776565552,0.3151191174983978,0.7405624985694885,0.23602081835269928,0.8923500180244446,-0.6207138895988464,128.0,synthetic-50-2-100K,20.0,"[[[0.8, 0.2], [0.2, 0.8]]]",None,simple-mlp,uniform,0.2,backward,_________________________________________________________________,0.16711013315536524,18.0,12.0,77.0,3.0,2.0,50.0,main.py,877f5f997285690780c2e680ad9997a98baaf159,24.6,,,9.950736999511719,"https://ui.neptune.ai/ygorcanalli/LabelNoise/e/LAB-362
"
78,2021-04-04 17:12:29.644000+00:00,,meriadoc,LAB-409,2021-04-04 17:13:38.179000+00:00,synthetic-80-5-200K-uniform-[0.2],ygorcanalli,2021-04-04 17:13:11.320000+00:00,41.675,1926035.0,idle,hyperparameter-rerun,0.6870625019073486,0.3657993972301483,0.6870625019073486,0.3657993972301483,0.6924062371253967,0.4145548641681671,0.860450029373169,-1.2204244136810303,32.0,synthetic-80-5-200K,20.0,"[[[0.8, 0.05, 0.05, 0.05, 0.05], [0.05, 0.8, 0.05, 0.05, 0.05], [0.05, 0.05, 0.8, 0.05, 0.05], [0.05, 0.05, 0.05, 0.8, 0.05], [0.05, 0.05, 0.05, 0.05, 0.8]]]",None,simple-mlp,uniform,0.2,backward,_________________________________________________________________,0.026776423190087197,53.0,36.0,19.0,3.0,5.0,80.0,main.py,0f0b3e1dca1ee35dbc055f5a45002c97adf5a273,34.9,,,9.699302673339844,"https://ui.neptune.ai/ygorcanalli/LabelNoise/e/LAB-409
"
79,2021-04-02 22:25:14.352000+00:00,,meriadoc,LAB-352,2021-04-02 22:25:28.699000+00:00,synthetic-50-2-100K-uniform-[0.1],ygorcanalli,2021-04-02 22:25:25.409000+00:00,11.056,245074.0,idle,hyperparameter-rerun,0.8471875190734863,0.14326360821723938,0.8471875190734863,0.14326360821723938,0.8531875014305115,0.1619768589735031,0.9386000037193298,-0.43224969506263733,128.0,synthetic-50-2-100K,20.0,"[[[0.9, 0.1], [0.1, 0.9]]]",None,simple-mlp,uniform,0.1,backward,_________________________________________________________________,0.006619230246442221,23.0,86.0,16.0,3.0,2.0,50.0,main.py,877f5f997285690780c2e680ad9997a98baaf159,23.3,,,9.548301696777344,"https://ui.neptune.ai/ygorcanalli/LabelNoise/e/LAB-352
"
80,2021-04-05 05:29:42.049000+00:00,,meriadoc,LAB-451,2021-04-05 05:35:59.920000+00:00,synthetic-100-5-500K-uniform-[0.3],ygorcanalli,2021-04-05 05:35:52.280000+00:00,370.211,4809391.0,idle,hyperparameter-rerun,0.6066206693649292,0.37553516030311584,0.6066206693649292,0.37553516030311584,0.6312875151634216,0.34201785922050476,0.8953800201416016,-2.687453031539917,32.0,synthetic-100-5-500K,20.0,"[[[0.7, 0.075, 0.075, 0.075, 0.075], [0.075, 0.7, 0.075, 0.075, 0.075], [0.075, 0.075, 0.7, 0.075, 0.075], [0.075, 0.075, 0.075, 0.7, 0.075], [0.075, 0.075, 0.075, 0.075, 0.7]]]",None,simple-mlp,uniform,0.3,backward,_________________________________________________________________,0.06511415420278266,38.0,95.0,9.0,3.0,5.0,100.0,main.py,0f0b3e1dca1ee35dbc055f5a45002c97adf5a273,18.8,8.0,5.6536865234375,11.468273162841797,"https://ui.neptune.ai/ygorcanalli/LabelNoise/e/LAB-451
"
81,2021-04-04 17:11:22.260000+00:00,,meriadoc,LAB-408,2021-04-04 17:12:30.898000+00:00,synthetic-80-5-200K-uniform-[0.25],ygorcanalli,2021-04-04 17:12:04.038000+00:00,41.776,1925849.0,idle,hyperparameter-rerun,0.6565155982971191,1.0666686296463013,0.6565155982971191,1.0666686296463013,0.6680625081062317,1.0473259687423706,0.8860999941825867,0.5318948030471802,32.0,synthetic-80-5-200K,20.0,"[[[0.75, 0.0625, 0.0625, 0.0625, 0.0625], [0.0625, 0.75, 0.0625, 0.0625, 0.0625], [0.0625, 0.0625, 0.75, 0.0625, 0.0625], [0.0625, 0.0625, 0.0625, 0.75, 0.0625], [0.0625, 0.0625, 0.0625, 0.0625, 0.75]]]",None,simple-mlp,uniform,0.25,forward,_________________________________________________________________,0.042792853656392585,49.0,33.0,,2.0,5.0,80.0,main.py,0f0b3e1dca1ee35dbc055f5a45002c97adf5a273,34.7,,,9.468914031982422,"https://ui.neptune.ai/ygorcanalli/LabelNoise/e/LAB-408
"
82,2021-04-02 22:18:16.015000+00:00,,meriadoc,LAB-339,2021-04-02 22:18:29.073000+00:00,synthetic-50-2-100K-uniform-[0.0],ygorcanalli,2021-04-02 22:18:27.033000+00:00,11.017,245074.0,idle,hyperparameter-rerun,0.9415156245231628,0.1576770842075348,0.9415156245231628,0.1576770842075348,0.9574375152587891,0.11719192564487457,0.9545999765396118,0.1274997889995575,128.0,synthetic-50-2-100K,20.0,None,None,simple-mlp,uniform,0.0,boot-soft,_________________________________________________________________,0.03325603052756665,19.0,52.0,73.0,3.0,2.0,50.0,main.py,877f5f997285690780c2e680ad9997a98baaf159,23.6,,,8.376091003417969,"https://ui.neptune.ai/ygorcanalli/LabelNoise/e/LAB-339
"
83,2021-04-02 22:37:59.477000+00:00,,meriadoc,LAB-371,2021-04-02 22:38:12.718000+00:00,synthetic-50-2-100K-uniform-[0.3],ygorcanalli,2021-04-02 22:38:10.466000+00:00,10.989,244885.0,idle,hyperparameter-rerun,0.629562497138977,0.6502926349639893,0.629562497138977,0.6502926349639893,0.6434999704360962,0.6456922888755798,0.8618500232696533,0.5059906840324402,128.0,synthetic-50-2-100K,20.0,"[[[0.7, 0.3], [0.3, 0.7]]]",None,simple-mlp,uniform,0.3,forward,_________________________________________________________________,0.19427086695213816,9.0,39.0,,2.0,2.0,50.0,main.py,877f5f997285690780c2e680ad9997a98baaf159,23.6,,,10.364692687988281,"https://ui.neptune.ai/ygorcanalli/LabelNoise/e/LAB-371
"
84,2021-04-05 01:48:49.501000+00:00,,meriadoc,LAB-441,2021-04-05 01:53:18.902000+00:00,synthetic-100-5-500K-uniform-[0.2],ygorcanalli,2021-04-05 01:53:16.884000+00:00,267.371,4808364.0,idle,hyperparameter-rerun,0.6357895135879517,0.5919661521911621,0.6357895135879517,0.5919661521911621,0.713575005531311,0.3403019905090332,0.8824399709701538,-0.9355946779251099,32.0,synthetic-100-5-500K,20.0,"[[[0.8, 0.05, 0.05, 0.05, 0.05], [0.05, 0.8, 0.05, 0.05, 0.05], [0.05, 0.05, 0.8, 0.05, 0.05], [0.05, 0.05, 0.05, 0.8, 0.05], [0.05, 0.05, 0.05, 0.05, 0.8]]]",None,simple-mlp,uniform,0.2,backward,_________________________________________________________________,0.1803702866125946,54.0,36.0,28.0,3.0,5.0,100.0,main.py,0f0b3e1dca1ee35dbc055f5a45002c97adf5a273,28.8,21.0,5.6939697265625,13.488395690917969,"https://ui.neptune.ai/ygorcanalli/LabelNoise/e/LAB-441
"
85,2021-04-04 17:11:22.087000+00:00,,meriadoc,LAB-407,2021-04-04 17:12:26.537000+00:00,synthetic-80-5-200K-uniform-[0.2],ygorcanalli,2021-04-04 17:12:03.910000+00:00,41.821,1926035.0,idle,hyperparameter-rerun,0.7108281254768372,0.9409196376800537,0.7108281254768372,0.9409196376800537,0.7175937294960022,0.9280005693435669,0.8944500088691711,0.45910194516181946,32.0,synthetic-80-5-200K,20.0,"[[[0.8, 0.05, 0.05, 0.05, 0.05], [0.05, 0.8, 0.05, 0.05, 0.05], [0.05, 0.05, 0.8, 0.05, 0.05], [0.05, 0.05, 0.05, 0.8, 0.05], [0.05, 0.05, 0.05, 0.05, 0.8]]]",None,simple-mlp,uniform,0.2,forward,_________________________________________________________________,0.026776423190087197,53.0,36.0,19.0,3.0,5.0,80.0,main.py,0f0b3e1dca1ee35dbc055f5a45002c97adf5a273,34.7,,,9.468914031982422,"https://ui.neptune.ai/ygorcanalli/LabelNoise/e/LAB-407
"
86,2021-04-02 22:34:13.562000+00:00,,meriadoc,LAB-364,2021-04-02 22:34:25.739000+00:00,synthetic-50-2-100K-uniform-[0.25],ygorcanalli,2021-04-02 22:34:24.524000+00:00,10.962,245074.0,idle,hyperparameter-rerun,0.7079530954360962,0.5928013920783997,0.7079530954360962,0.5928013920783997,0.7127500176429749,0.5932329297065735,0.9081500172615051,0.40203797817230225,128.0,synthetic-50-2-100K,20.0,None,None,simple-mlp,uniform,0.25,boot-soft,_________________________________________________________________,0.02205830741944419,23.0,73.0,73.0,3.0,2.0,50.0,main.py,877f5f997285690780c2e680ad9997a98baaf159,25.0,,,10.045738220214844,"https://ui.neptune.ai/ygorcanalli/LabelNoise/e/LAB-364
"
87,2021-04-02 22:18:32.238000+00:00,,meriadoc,LAB-340,2021-04-02 22:18:47.511000+00:00,synthetic-50-2-100K-uniform-[0.0],ygorcanalli,2021-04-02 22:18:44.505000+00:00,12.267,245074.0,idle,hyperparameter-rerun,0.9428125023841858,0.13539080321788788,0.9428125023841858,0.13539080321788788,0.9615625143051147,0.09925206750631332,0.9573500156402588,0.10879615694284439,128.0,synthetic-50-2-100K,20.0,None,None,simple-mlp,uniform,0.0,boot-hard,_________________________________________________________________,0.03325603052756665,19.0,52.0,73.0,3.0,2.0,50.0,main.py,877f5f997285690780c2e680ad9997a98baaf159,26.4,,,8.459846496582031,"https://ui.neptune.ai/ygorcanalli/LabelNoise/e/LAB-340
"
88,2021-04-02 22:31:33.661000+00:00,,meriadoc,LAB-361,2021-04-02 22:31:46.736000+00:00,synthetic-50-2-100K-uniform-[0.2],ygorcanalli,2021-04-02 22:31:44.628000+00:00,10.966,245074.0,idle,hyperparameter-rerun,0.7199843525886536,0.5746326446533203,0.7199843525886536,0.5746326446533203,0.7538124918937683,0.5462988615036011,0.9164000153541565,0.3610568046569824,128.0,synthetic-50-2-100K,20.0,"[[[0.8, 0.2], [0.2, 0.8]]]",None,simple-mlp,uniform,0.2,forward,_________________________________________________________________,0.16711013315536524,18.0,12.0,77.0,3.0,2.0,50.0,main.py,877f5f997285690780c2e680ad9997a98baaf159,22.7,,,9.958995819091797,"https://ui.neptune.ai/ygorcanalli/LabelNoise/e/LAB-361
"
89,2021-04-02 22:31:16.891000+00:00,,meriadoc,LAB-360,2021-04-02 22:31:30.549000+00:00,synthetic-50-2-100K-uniform-[0.2],ygorcanalli,2021-04-02 22:31:27.863000+00:00,10.971,245074.0,idle,hyperparameter-rerun,0.7180156111717224,0.524476170539856,0.7180156111717224,0.524476170539856,0.7443125247955322,0.49756622314453125,0.9039499759674072,0.3125714063644409,128.0,synthetic-50-2-100K,20.0,None,None,simple-mlp,uniform,0.2,boot-hard,_________________________________________________________________,0.16711013315536524,18.0,12.0,77.0,3.0,2.0,50.0,main.py,877f5f997285690780c2e680ad9997a98baaf159,24.2,,,9.929473876953125,"https://ui.neptune.ai/ygorcanalli/LabelNoise/e/LAB-360
"
90,2021-04-02 22:27:27.570000+00:00,,meriadoc,LAB-353,2021-04-02 22:27:41.724000+00:00,synthetic-50-2-100K-uniform-[0.15],ygorcanalli,2021-04-02 22:27:38.552000+00:00,10.982,245074.0,idle,hyperparameter-rerun,0.7573906183242798,0.5292457938194275,0.7573906183242798,0.5292457938194275,0.8003125190734863,0.4883641004562378,0.9164999723434448,0.3249814212322235,128.0,synthetic-50-2-100K,20.0,None,None,simple-mlp,uniform,0.15,none,_________________________________________________________________,0.17469943529651233,44.0,18.0,118.0,3.0,2.0,50.0,main.py,877f5f997285690780c2e680ad9997a98baaf159,22.9,,,9.685466766357422,"https://ui.neptune.ai/ygorcanalli/LabelNoise/e/LAB-353
"
91,2021-04-05 01:33:05.325000+00:00,,meriadoc,LAB-438,2021-04-05 01:38:34.921000+00:00,synthetic-100-5-500K-uniform-[0.2],ygorcanalli,2021-04-05 01:38:34.458000+00:00,329.117,4808940.0,idle,hyperparameter-rerun,0.6415207386016846,1.0701348781585693,0.6415207386016846,1.0701348781585693,0.7253999710083008,0.9378879070281982,0.8957099914550781,0.5240458846092224,32.0,synthetic-100-5-500K,20.0,None,None,simple-mlp,uniform,0.2,boot-soft,_________________________________________________________________,0.1803702866125946,54.0,36.0,28.0,3.0,5.0,100.0,main.py,0f0b3e1dca1ee35dbc055f5a45002c97adf5a273,27.0,9.0,5.61993408203125,13.512653350830078,"https://ui.neptune.ai/ygorcanalli/LabelNoise/e/LAB-438
"
92,2021-04-04 16:58:09.976000+00:00,,meriadoc,LAB-391,2021-04-04 16:59:20.374000+00:00,synthetic-80-5-200K-uniform-[0.1],ygorcanalli,2021-04-04 16:58:51.866000+00:00,41.888,1926037.0,idle,hyperparameter-rerun,0.7187421917915344,0.8597587943077087,0.7187421917915344,0.8597587943077087,0.8018749952316284,0.7123703956604004,0.885699987411499,0.45706889033317566,32.0,synthetic-80-5-200K,20.0,None,None,simple-mlp,uniform,0.1,none,_________________________________________________________________,0.1457172725825688,102.0,50.0,56.0,3.0,5.0,80.0,main.py,0f0b3e1dca1ee35dbc055f5a45002c97adf5a273,36.0,,,9.572113037109375,"https://ui.neptune.ai/ygorcanalli/LabelNoise/e/LAB-391
"
93,2021-04-04 17:01:44.632000+00:00,,meriadoc,LAB-397,2021-04-04 17:02:54.365000+00:00,synthetic-80-5-200K-uniform-[0.15],ygorcanalli,2021-04-04 17:02:26.425000+00:00,41.79,1926037.0,idle,hyperparameter-rerun,0.7089609503746033,0.9063089489936829,0.7089609503746033,0.9063089489936829,0.7628437280654907,0.8061456680297852,0.8889750242233276,0.44525986909866333,32.0,synthetic-80-5-200K,20.0,"[[[0.85, 0.0375, 0.0375, 0.0375, 0.0375], [0.0375, 0.85, 0.0375, 0.0375, 0.0375], [0.0375, 0.0375, 0.85, 0.0375, 0.0375], [0.0375, 0.0375, 0.0375, 0.85, 0.0375], [0.0375, 0.0375, 0.0375, 0.0375, 0.85]]]",None,simple-mlp,uniform,0.15,forward,_________________________________________________________________,0.09492830740244246,78.0,45.0,15.0,3.0,5.0,80.0,main.py,0f0b3e1dca1ee35dbc055f5a45002c97adf5a273,35.0,,,9.12209701538086,"https://ui.neptune.ai/ygorcanalli/LabelNoise/e/LAB-397
"
94,2021-04-02 22:24:40.253000+00:00,,meriadoc,LAB-350,2021-04-02 22:24:54.120000+00:00,synthetic-50-2-100K-uniform-[0.1],ygorcanalli,2021-04-02 22:24:51.294000+00:00,11.041,245074.0,idle,hyperparameter-rerun,0.8563281297683716,0.34404370188713074,0.8563281297683716,0.34404370188713074,0.8611875176429749,0.34311002492904663,0.9478499889373779,0.19258202612400055,128.0,synthetic-50-2-100K,20.0,None,None,simple-mlp,uniform,0.1,boot-hard,_________________________________________________________________,0.006619230246442221,23.0,86.0,16.0,3.0,2.0,50.0,main.py,877f5f997285690780c2e680ad9997a98baaf159,24.8,,,9.51715087890625,"https://ui.neptune.ai/ygorcanalli/LabelNoise/e/LAB-350
"
95,2021-04-05 01:43:51.145000+00:00,,meriadoc,LAB-440,2021-04-05 01:48:45.163000+00:00,synthetic-100-5-500K-uniform-[0.2],ygorcanalli,2021-04-05 01:48:39.218000+00:00,288.059,4808652.0,idle,hyperparameter-rerun,0.6426551342010498,1.0567549467086792,0.6426551342010498,1.0567549467086792,0.7256374955177307,0.9218379855155945,0.8969699740409851,0.4963659346103668,32.0,synthetic-100-5-500K,20.0,"[[[0.8, 0.05, 0.05, 0.05, 0.05], [0.05, 0.8, 0.05, 0.05, 0.05], [0.05, 0.05, 0.8, 0.05, 0.05], [0.05, 0.05, 0.05, 0.8, 0.05], [0.05, 0.05, 0.05, 0.05, 0.8]]]",None,simple-mlp,uniform,0.2,forward,_________________________________________________________________,0.1803702866125946,54.0,36.0,28.0,3.0,5.0,100.0,main.py,0f0b3e1dca1ee35dbc055f5a45002c97adf5a273,26.5,15.0,5.6201171875,13.604339599609375,"https://ui.neptune.ai/ygorcanalli/LabelNoise/e/LAB-440
"
96,2021-04-02 22:20:51.511000+00:00,,meriadoc,LAB-343,2021-04-02 22:21:05.858000+00:00,synthetic-50-2-100K-uniform-[0.05],ygorcanalli,2021-04-02 22:21:02.521000+00:00,11.009,244888.0,idle,hyperparameter-rerun,0.8513437509536743,0.37197673320770264,0.8513437509536743,0.37197673320770264,0.8884375095367432,0.3163887560367584,0.9284499883651733,0.22057826817035675,128.0,synthetic-50-2-100K,20.0,None,None,simple-mlp,uniform,0.05,none,_________________________________________________________________,0.12188035414808807,14.0,71.0,,2.0,2.0,50.0,main.py,877f5f997285690780c2e680ad9997a98baaf159,21.1,,,9.050949096679688,"https://ui.neptune.ai/ygorcanalli/LabelNoise/e/LAB-343
"
97,2021-04-04 22:27:03.068000+00:00,,meriadoc,LAB-422,2021-04-04 22:31:15.634000+00:00,synthetic-100-5-500K-uniform-[0.05],ygorcanalli,2021-04-04 22:31:10.041000+00:00,246.961,4808294.0,idle,hyperparameter-rerun,0.8966372013092041,0.4201447665691376,0.8966372013092041,0.4201447665691376,0.9041625261306763,0.41188985109329224,0.9509599804878235,0.20919747650623322,32.0,synthetic-100-5-500K,20.0,None,None,simple-mlp,uniform,0.05,none,_________________________________________________________________,0.011758307824899263,92.0,55.0,24.0,3.0,5.0,100.0,main.py,0f0b3e1dca1ee35dbc055f5a45002c97adf5a273,30.0,24.0,5.69677734375,11.717670440673828,"https://ui.neptune.ai/ygorcanalli/LabelNoise/e/LAB-422
"
98,2021-04-02 22:38:15.898000+00:00,,meriadoc,LAB-372,2021-04-02 22:38:28.677000+00:00,synthetic-50-2-100K-uniform-[0.3],ygorcanalli,2021-04-02 22:38:26.935000+00:00,11.037,244885.0,idle,hyperparameter-rerun,0.6235937476158142,0.37302184104919434,0.6235937476158142,0.37302184104919434,0.6348124742507935,0.36474332213401794,0.8349499702453613,-1.4853649139404297,128.0,synthetic-50-2-100K,20.0,"[[[0.7, 0.3], [0.3, 0.7]]]",None,simple-mlp,uniform,0.3,backward,_________________________________________________________________,0.19427086695213816,9.0,39.0,,2.0,2.0,50.0,main.py,877f5f997285690780c2e680ad9997a98baaf159,22.9,,,10.429962158203125,"https://ui.neptune.ai/ygorcanalli/LabelNoise/e/LAB-372
"
99,2021-04-04 17:34:44.618000+00:00,,meriadoc,LAB-415,2021-04-04 17:36:19.625000+00:00,synthetic-80-5-200K-uniform-[0.3],ygorcanalli,2021-04-04 17:36:17.736000+00:00,93.115,1926275.0,idle,hyperparameter-rerun,0.5991406440734863,0.271342396736145,0.5991406440734863,0.271342396736145,0.5988125205039978,0.4881715774536133,0.8374249935150146,-2.9867844581604004,32.0,synthetic-80-5-200K,20.0,"[[[0.7, 0.075, 0.075, 0.075, 0.075], [0.075, 0.7, 0.075, 0.075, 0.075], [0.075, 0.075, 0.7, 0.075, 0.075], [0.075, 0.075, 0.075, 0.7, 0.075], [0.075, 0.075, 0.075, 0.075, 0.7]]]",None,simple-mlp,uniform,0.3,backward,_________________________________________________________________,0.015256373949917235,42.0,31.0,59.0,3.0,5.0,80.0,main.py,0f0b3e1dca1ee35dbc055f5a45002c97adf5a273,19.4,,,6.905216217041016,"https://ui.neptune.ai/ygorcanalli/LabelNoise/e/LAB-415
"
100,2021-04-04 16:48:07.399000+00:00,,meriadoc,LAB-381,2021-04-04 16:49:14.530000+00:00,synthetic-80-5-200K-uniform-[0.0],ygorcanalli,2021-04-04 16:48:49.217000+00:00,41.818,1925851.0,idle,hyperparameter-rerun,0.9089687466621399,0.2879161238670349,0.9089687466621399,0.2879161238670349,0.9268749952316284,0.24161553382873535,0.9274500012397766,0.23671379685401917,32.0,synthetic-80-5-200K,20.0,None,None,simple-mlp,uniform,0.0,none,_________________________________________________________________,0.023636697398932396,56.0,108.0,,2.0,5.0,80.0,main.py,0f0b3e1dca1ee35dbc055f5a45002c97adf5a273,38.9,,,8.500629425048828,"https://ui.neptune.ai/ygorcanalli/LabelNoise/e/LAB-381
"
101,2021-04-02 22:17:53.742000+00:00,,meriadoc,LAB-338,2021-04-02 22:18:07.695000+00:00,synthetic-50-2-100K-uniform-[0.0],ygorcanalli,2021-04-02 22:18:04.695000+00:00,10.953,245074.0,idle,hyperparameter-rerun,0.9401249885559082,0.15955850481987,0.9401249885559082,0.15955850481987,0.9559999704360962,0.1219412237405777,0.9549499750137329,0.13122935593128204,128.0,synthetic-50-2-100K,20.0,None,None,simple-mlp,uniform,0.0,none,_________________________________________________________________,0.03325603052756665,19.0,52.0,73.0,3.0,2.0,50.0,main.py,877f5f997285690780c2e680ad9997a98baaf159,23.2,,,8.400035858154297,"https://ui.neptune.ai/ygorcanalli/LabelNoise/e/LAB-338
"
102,2021-04-04 21:57:04.186000+00:00,,meriadoc,LAB-421,2021-04-04 22:00:58.867000+00:00,synthetic-100-5-500K-uniform-[0.0],ygorcanalli,2021-04-04 22:00:50.955000+00:00,226.758,4807890.0,idle,hyperparameter-rerun,0.9318529367446899,0.23676948249340057,0.9318529367446899,0.23676948249340057,0.9492999911308289,0.19286930561065674,0.9482300281524658,0.1958780437707901,32.0,synthetic-100-5-500K,20.0,"[[[1.0, 0.0, 0.0, 0.0, 0.0], [0.0, 1.0, 0.0, 0.0, 0.0], [0.0, 0.0, 1.0, 0.0, 0.0], [0.0, 0.0, 0.0, 1.0, 0.0], [0.0, 0.0, 0.0, 0.0, 1.0]]]",None,simple-mlp,uniform,0.0,backward,_________________________________________________________________,0.01588930401726807,47.0,27.0,,2.0,5.0,100.0,main.py,0f0b3e1dca1ee35dbc055f5a45002c97adf5a273,30.1,24.0,5.67181396484375,10.084922790527344,"https://ui.neptune.ai/ygorcanalli/LabelNoise/e/LAB-421
"
103,2021-04-04 21:40:05.455000+00:00,,meriadoc,LAB-417,2021-04-04 21:44:25.207000+00:00,synthetic-100-5-500K-uniform-[0.0],ygorcanalli,2021-04-04 21:44:22.762000+00:00,257.296,4808106.0,idle,hyperparameter-rerun,0.9353154301643372,0.22505956888198853,0.9353154301643372,0.22505956888198853,0.9507874846458435,0.18038935959339142,0.9491299986839294,0.18508614599704742,32.0,synthetic-100-5-500K,20.0,None,None,simple-mlp,uniform,0.0,none,_________________________________________________________________,0.01588930401726807,47.0,27.0,,2.0,5.0,100.0,main.py,0f0b3e1dca1ee35dbc055f5a45002c97adf5a273,26.7,12.0,5.7027587890625,9.788990020751953,"https://ui.neptune.ai/ygorcanalli/LabelNoise/e/LAB-417
"
104,2021-04-04 23:46:46.698000+00:00,,meriadoc,LAB-431,2021-04-04 23:51:53.576000+00:00,synthetic-100-5-500K-uniform-[0.1],ygorcanalli,2021-04-04 23:51:45.002000+00:00,298.29,4808750.0,idle,hyperparameter-rerun,0.8252056837081909,0.2334596961736679,0.8252056837081909,0.2334596961736679,0.8373500108718872,0.23998364806175232,0.9263100028038025,-0.647710382938385,32.0,synthetic-100-5-500K,20.0,"[[[0.9, 0.025, 0.025, 0.025, 0.025], [0.025, 0.9, 0.025, 0.025, 0.025], [0.025, 0.025, 0.9, 0.025, 0.025], [0.025, 0.025, 0.025, 0.9, 0.025], [0.025, 0.025, 0.025, 0.025, 0.9]]]",None,simple-mlp,uniform,0.1,backward,_________________________________________________________________,0.023763754280857197,96.0,70.0,24.0,3.0,5.0,100.0,main.py,0f0b3e1dca1ee35dbc055f5a45002c97adf5a273,25.9,11.0,5.61712646484375,12.004016876220703,"https://ui.neptune.ai/ygorcanalli/LabelNoise/e/LAB-431
"
